Date,AZ-Phoenix,CA-Los Angeles,CA-San Diego,CA-San Francisco,CO-Denver,DC-Washington,FL-Miami,FL-Tampa,GA-Atlanta,IL-Chicago,MA-Boston,MI-Detroit,MN-Minneapolis,NC-Charlotte,NV-Las Vegas,NY-New York,OH-Cleveland,OR-Portland,TX-Dallas,WA-Seattle,Composite-10,Composite-20,National-US
1987-01-01,77.334,74.422,59.331,68.499,58.233,0.000,63.388,58.244,63.129,64.115,62.824,53.531,66.358,54.668,53.546,70.042,41.055,46.613,,50.196,100.000,100.000,67.544
1987-02-01,77.933,75.426,59.646,68.764,59.977,0.000,63.936,57.763,62.811,64.775,63.386,53.499,67.030,54.891,54.640,70.084,41.283,46.868,,49.958,100.757,101.823,67.429
1987-03-01,77.761,76.250,59.986,69.231,62.294,0.000,64.171,57.629,62.432,65.712,63.874,53.680,67.335,55.162,54.802,70.003,41.057,47.320,,50.146,101.945,102.037,67.711
1987-04-01,77.556,77.338,60.806,69.199,65.092,0.000,64.813,57.850,63.031,66.396,64.568,53.754,67.882,55.854,54.880,70.698,40.962,47.693,,50.554,103.501,103.201,67.654
1987-05-01,77.849,79.162,61.671,69.457,66.825,0.000,65.182,58.364,63.314,67.268,65.565,54.714,67.899,56.351,55.426,71.510,41.243,48.315,,50.625,105.197,104.114,67.898
1987-06-01,78.710,80.840,62.708,69.312,68.063,0.000,65.547,58.901,63.886,68.697,66.591,55.121,66.477,56.858,56.389,72.320,41.449,48.832,,50.501,106.757,104.278,67.662
1987-07-01,79.111,82.219,63.662,69.696,68.299,0.000,65.760,59.290,63.850,69.787,67.538,55.740,65.433,57.262,57.541,73.093,41.817,49.486,,50.277,107.774,104.663,67.564
1987-08-01,79.145,83.014,64.558,70.156,68.607,0.000,66.075,59.646,64.066,70.616,68.248,56.103,65.136,57.692,58.374,73.792,41.904,49.938,,50.380,108.635,105.038,67.281
1987-09-01,79.240,83.439,65.381,70.946,68.134,0.000,66.468,59.698,63.998,71.794,68.874,56.509,65.855,58.138,58.852,74.390,41.800,50.690,,50.178,109.349,105.730,67.139
1987-10-01,79.085,83.880,66.197,71.283,67.586,0.000,66.768,59.842,64.214,72.566,69.417,56.608,66.210,58.526,59.317,74.634,41.857,51.331,,50.383,110.043,105.693,66.684
1987-11-01,79.054,84.018,66.945,71.504,66.875,0.000,67.087,59.709,64.420,73.179,69.760,56.603,67.046,59.023,59.343,74.829,41.673,51.796,,49.887,110.808,106.194,66.520
1987-12-01,79.154,84.413,67.908,71.413,66.384,0.000,67.188,59.778,64.353,73.425,70.217,56.379,66.656,59.401,60.305,74.745,41.875,52.032,,49.855,111.582,106.200,66.407
1988-01-01,79.361,84.120,68.661,71.655,65.528,0.000,67.608,59.564,63.843,74.067,70.445,56.437,66.639,59.864,61.195,74.401,41.607,52.241,,49.346,112.388,106.493,66.556
1988-02-01,79.213,83.924,69.359,71.676,64.598,0.000,67.438,59.473,63.660,74.883,70.768,56.454,65.894,60.123,62.783,74.021,41.479,52.637,,49.266,113.073,107.094,66.512
1988-03-01,79.263,83.484,70.138,72.195,64.467,0.000,67.949,59.558,63.977,76.035,71.120,57.165,66.263,60.874,64.448,73.400,41.853,53.185,,48.847,114.144,108.335,66.440
1988-04-01,79.439,83.708,70.832,72.474,65.091,0.000,67.792,60.161,64.442,77.016,71.651,57.656,67.114,61.190,65.219,73.780,42.097,54.192,,48.584,115.292,109.770,66.478
1988-05-01,79.882,84.226,72.031,72.761,66.025,0.000,67.921,60.612,64.727,78.194,72.477,58.251,67.514,61.681,65.535,74.460,42.580,56.094,,48.220,116.242,110.450,66.436
1988-06-01,80.248,84.592,74.354,73.547,66.681,0.000,68.139,60.924,64.721,79.563,73.631,59.228,67.184,61.543,66.846,75.068,42.754,58.218,,48.272,117.293,111.204,66.563
1988-07-01,80.739,85.024,77.225,74.130,66.933,0.000,68.644,61.148,64.631,81.254,74.807,59.701,67.360,64.810,67.073,75.526,43.094,58.702,,48.325,118.203,111.116,66.605
1988-08-01,80.954,85.331,79.274,75.021,67.037,0.000,69.674,61.509,64.337,82.347,75.696,60.320,68.107,65.641,68.656,75.467,43.537,59.005,,48.520,119.086,111.389,66.580
1988-09-01,80.781,85.541,81.230,75.626,66.990,0.000,69.931,61.676,64.261,83.592,76.404,60.595,69.062,66.450,68.708,75.383,43.719,59.502,,48.369,119.837,111.221,66.253
1988-10-01,80.843,85.141,82.936,75.863,66.479,0.000,70.102,61.551,64.506,83.943,76.896,60.837,69.193,67.474,69.370,75.252,44.017,60.375,,48.271,120.305,111.426,65.931
1988-11-01,80.609,84.816,84.694,76.093,66.131,0.000,69.562,61.358,64.404,84.676,77.281,60.881,68.640,68.619,68.267,75.015,44.053,61.313,,47.859,120.534,111.369,65.410
1988-12-01,80.736,84.326,85.972,76.189,65.705,0.000,69.696,61.436,64.502,85.739,77.577,61.057,67.980,69.843,67.695,74.791,44.236,62.198,,47.360,120.434,111.619,65.356
1989-01-01,80.407,84.317,87.299,76.594,65.609,0.000,69.758,61.360,64.213,86.497,77.986,61.408,68.728,70.961,67.460,74.225,44.262,62.662,,47.230,120.641,111.763,65.257
1989-02-01,80.726,83.771,88.275,76.817,65.545,0.000,70.231,61.317,64.201,87.336,78.363,61.247,69.115,72.272,68.322,74.591,44.572,63.318,,47.207,121.064,111.398,65.294
1989-03-01,81.568,83.274,90.337,76.998,66.178,0.000,70.525,61.202,64.193,88.139,79.117,61.373,69.966,73.921,69.927,74.479,44.564,64.644,,47.332,122.305,112.367,64.604
1989-04-01,81.798,82.945,92.113,77.319,66.873,0.000,70.674,61.576,64.304,88.990,79.826,61.566,69.606,75.448,70.681,74.629,45.001,66.265,,47.335,123.919,113.142,64.353
1989-05-01,82.342,82.969,93.977,77.194,67.571,0.000,71.132,62.065,64.750,89.617,80.516,62.630,69.641,76.829,70.481,74.728,45.444,67.769,,47.485,125.863,113.812,64.373
1989-06-01,82.064,82.953,95.548,77.681,67.903,0.000,71.519,62.743,64.955,90.480,81.236,63.127,71.186,78.308,70.915,74.632,46.103,69.259,,47.733,127.817,113.962,64.879
1989-07-01,82.127,82.672,96.705,78.048,67.981,0.000,71.788,63.206,65.655,91.260,81.655,63.776,71.557,79.359,70.887,74.676,46.504,70.275,,47.644,129.656,113.977,65.505
1989-08-01,81.497,82.627,97.507,78.561,67.749,0.000,71.916,63.674,65.939,91.844,82.078,64.594,72.648,80.558,71.307,74.068,46.970,71.362,,47.776,131.221,114.423,65.867
1989-09-01,81.774,82.376,97.986,78.584,67.438,0.000,71.898,63.831,66.135,92.352,82.250,65.036,73.408,81.584,70.876,73.706,47.259,72.311,,47.796,132.427,114.504,66.044
1989-10-01,81.995,82.361,98.549,78.623,67.738,0.000,72.048,64.086,65.727,92.453,82.436,65.228,74.266,82.439,70.365,73.379,47.670,72.953,,48.120,133.547,114.152,65.842
1989-11-01,82.289,81.850,99.288,78.509,67.569,0.000,72.164,64.287,65.676,92.448,82.435,64.737,74.741,82.996,69.567,73.310,47.885,73.251,,48.177,134.406,113.795,66.104
1989-12-01,82.053,81.315,99.881,78.742,67.469,0.000,72.480,64.390,65.807,92.640,82.353,64.940,74.986,83.552,68.912,73.016,48.675,73.025,,48.060,135.147,113.820,65.950
1990-01-01,82.261,80.888,100.226,79.198,67.487,0.000,72.693,64.301,65.646,92.987,82.294,64.779,75.461,83.775,68.500,72.756,49.419,72.871,,47.980,135.644,113.895,66.013
1990-02-01,82.421,80.529,100.151,79.480,67.765,0.000,72.919,64.312,66.193,93.178,82.152,65.132,75.140,84.084,68.058,72.282,50.273,72.946,,48.085,136.187,113.379,65.879
1990-03-01,83.028,79.986,100.018,79.300,68.194,0.000,72.990,64.600,66.603,93.020,82.017,65.443,76.084,84.433,68.684,71.190,50.248,73.502,,48.292,137.199,112.932,65.935
1990-04-01,82.642,79.345,99.987,79.242,67.938,0.000,73.179,64.902,67.000,93.218,82.048,66.514,76.771,85.089,69.428,70.905,51.087,74.573,,48.402,138.559,113.223,65.828
1990-05-01,82.761,79.051,99.792,79.327,68.140,0.000,73.496,65.417,67.078,93.009,82.014,67.069,77.592,85.532,69.972,70.416,51.892,75.120,,48.395,140.065,113.914,66.022
1990-06-01,82.570,78.961,100.240,79.782,68.133,0.000,74.100,66.013,67.296,92.952,82.187,67.942,78.342,86.008,70.619,70.145,53.536,75.151,,48.746,141.393,114.963,66.080
1990-07-01,82.842,78.784,100.051,80.032,68.176,0.000,74.117,66.617,67.504,92.805,82.102,68.457,79.530,86.017,71.233,69.840,54.717,74.807,,48.839,142.989,115.294,66.264
1990-08-01,82.668,78.206,99.989,80.108,68.588,0.000,74.326,67.150,67.656,92.346,81.863,68.951,80.951,85.862,71.479,69.560,56.018,74.455,,48.995,144.563,115.391,66.457
1990-09-01,82.166,77.407,99.256,79.943,69.208,0.000,74.089,67.478,67.589,91.809,81.393,69.108,81.644,85.759,71.614,69.304,57.024,74.239,,48.980,146.281,115.257,66.541
1990-10-01,81.733,76.803,98.663,79.673,69.467,0.000,74.115,67.652,67.785,91.484,80.838,68.971,82.413,85.319,70.988,68.723,57.385,73.440,,48.861,147.822,114.887,66.551
1990-11-01,81.566,76.143,97.362,79.754,69.648,0.000,73.360,67.661,67.929,91.076,80.094,68.855,81.846,84.975,70.732,67.361,57.267,72.576,,48.781,149.219,114.585,66.521
1990-12-01,81.713,75.595,96.544,79.412,69.519,0.000,73.462,67.936,67.977,90.739,79.380,68.525,81.785,83.931,70.085,66.135,56.723,71.468,,48.526,150.493,114.047,66.586
1991-01-01,81.754,74.594,95.278,79.079,69.824,69.611,73.321,68.721,67.699,89.375,78.532,68.235,80.960,83.132,70.045,64.965,56.535,71.168,,48.668,151.685,113.995,66.835
1991-02-01,81.764,73.691,94.116,78.554,69.583,69.173,73.255,70.474,67.679,88.796,77.773,67.961,81.582,81.873,70.503,64.175,56.936,70.268,,48.676,153.104,113.795,66.830
1991-03-01,81.434,72.868,92.826,78.438,69.836,69.048,72.751,70.246,68.404,87.592,77.004,68.180,81.652,80.892,70.630,63.574,58.029,69.558,,48.849,155.490,113.248,67.206
1991-04-01,81.463,72.294,92.829,78.550,70.332,69.402,72.883,69.820,68.964,87.556,76.858,69.105,81.675,80.726,71.093,63.355,58.387,69.463,,49.203,158.470,114.205,67.304
1991-05-01,81.334,72.629,93.372,77.947,71.512,69.689,73.256,70.053,69.365,88.607,77.306,69.922,82.016,81.405,71.363,63.836,58.897,70.133,,49.509,161.596,115.371,67.750
1991-06-01,81.771,73.504,94.254,78.490,71.969,70.143,73.485,70.598,69.355,89.276,78.020,70.545,81.909,82.197,71.664,64.251,59.541,70.828,,50.092,164.825,116.398,67.948
1991-07-01,81.846,74.387,94.848,78.636,72.122,70.124,73.607,71.145,69.794,89.566,78.608,71.089,83.349,82.588,72.156,64.490,59.889,71.392,,50.553,167.430,116.934,68.441
1991-08-01,82.097,74.897,95.215,79.558,71.925,70.477,73.585,71.761,70.137,89.130,78.935,71.306,84.069,82.472,72.624,64.790,60.171,71.515,,50.858,169.306,117.176,68.718
1991-09-01,81.651,75.063,94.918,79.267,71.927,70.354,73.381,72.399,70.714,88.817,78.881,71.648,85.461,82.201,72.593,64.832,60.195,71.554,,50.898,170.959,116.975,69.285
1991-10-01,81.516,75.011,94.512,79.308,72.012,70.287,73.577,72.750,70.912,88.624,78.684,71.525,83.810,82.023,72.432,64.712,60.636,71.208,,50.992,172.410,116.757,69.409
1991-11-01,81.692,74.841,93.665,79.287,71.991,70.088,73.519,73.111,71.227,88.749,78.311,71.419,81.981,81.759,72.226,64.045,60.590,70.687,,51.034,173.649,116.449,69.811
1991-12-01,81.753,74.736,93.014,79.091,71.725,69.903,73.797,73.203,71.133,88.286,77.991,71.005,82.869,81.137,72.451,63.686,61.080,70.052,,51.081,174.835,116.580,70.026
1992-01-01,81.488,74.590,92.449,79.096,71.718,70.051,73.581,73.329,71.485,88.250,77.740,71.159,82.849,80.484,72.710,63.179,61.400,69.667,,51.248,176.438,116.389,70.534
1992-02-01,80.395,74.379,91.974,78.514,71.195,69.884,73.558,73.823,72.015,87.745,77.505,71.215,83.093,79.868,73.186,62.941,61.538,69.478,,51.941,178.499,116.457,70.817
1992-03-01,80.273,74.267,90.970,78.597,71.435,69.957,73.288,74.202,73.100,87.973,77.305,71.742,82.665,79.978,73.511,62.972,61.573,69.167,,52.826,181.297,117.373,71.279
1992-04-01,80.631,74.403,90.582,78.979,71.281,69.910,73.254,74.995,73.183,88.433,77.356,72.159,82.469,80.183,72.971,63.692,61.796,69.259,,53.478,184.241,118.365,71.734
1992-05-01,81.053,74.690,90.399,79.417,71.878,70.283,73.453,75.718,73.122,88.967,77.622,72.700,82.892,80.401,73.355,64.089,62.243,69.862,,53.793,187.206,119.472,72.141
1992-06-01,81.219,75.136,90.406,79.783,72.009,70.586,73.602,76.527,72.926,89.241,77.938,73.159,82.837,80.268,74.447,64.385,62.729,70.022,,54.176,190.098,120.028,72.470
1992-07-01,80.687,75.471,90.061,78.053,72.619,71.288,74.142,77.288,72.894,89.082,77.952,73.397,82.855,80.103,75.484,64.461,62.922,70.002,,54.398,192.669,120.829,72.996
1992-08-01,80.569,75.791,89.860,77.949,72.883,71.513,74.412,77.967,73.078,89.027,77.993,73.771,82.802,79.804,75.754,64.753,63.486,69.642,,54.770,194.983,121.150,73.529
1992-09-01,80.537,75.742,89.112,77.608,73.024,71.594,74.605,78.512,73.117,88.744,77.756,74.069,82.977,79.577,75.823,64.634,63.835,69.511,,54.974,197.361,121.622,74.055
1992-10-01,81.497,75.482,87.951,79.541,73.102,71.170,74.376,78.975,73.169,88.795,77.454,74.211,83.652,78.478,75.794,64.615,64.231,69.281,,54.964,199.401,121.664,74.263
1992-11-01,81.873,75.380,86.795,79.705,72.924,71.329,74.175,79.243,73.223,88.747,77.095,74.301,83.667,78.183,75.824,64.172,64.869,68.846,,55.206,200.966,122.113,74.463
1992-12-01,81.529,75.346,85.596,79.986,72.826,71.328,74.416,79.189,72.847,88.628,76.682,74.153,82.907,77.195,75.425,64.285,64.779,68.205,,55.353,201.967,122.204,74.787
1993-01-01,81.324,75.537,84.879,79.938,72.354,71.505,74.574,79.103,72.958,88.735,76.556,74.290,82.343,77.248,75.379,64.439,64.934,67.771,,55.830,202.444,121.911,75.107
1993-02-01,81.171,75.425,84.088,79.925,72.447,71.259,74.680,78.914,73.612,88.751,76.277,73.957,82.667,76.323,75.530,64.259,64.951,67.436,,56.054,203.192,121.328,75.369
1993-03-01,81.927,75.323,82.764,79.639,73.213,71.491,74.576,79.698,74.591,88.730,75.912,74.082,82.775,75.944,75.800,64.001,65.296,67.090,,56.678,203.652,121.522,75.520
1993-04-01,82.377,75.335,82.054,80.133,73.705,71.935,74.485,80.495,75.070,88.505,75.829,74.625,82.335,75.457,75.973,63.985,66.291,67.592,,57.055,204.816,122.400,75.798
1993-05-01,82.557,75.708,81.675,80.766,74.247,72.529,74.659,81.447,75.311,88.483,76.036,75.471,81.720,75.570,76.577,64.558,67.030,67.905,,57.590,205.863,123.286,76.165
1993-06-01,82.353,76.436,81.686,81.358,74.628,72.916,75.128,82.214,75.559,89.037,76.508,76.067,81.733,75.404,77.591,65.430,68.054,67.991,,58.421,206.384,124.499,76.820
1993-07-01,82.289,76.838,81.107,81.784,74.679,73.334,75.564,82.795,76.053,89.401,76.610,76.526,82.127,75.024,78.102,66.106,68.523,67.650,,59.103,206.524,125.367,77.259
1993-08-01,82.807,76.989,80.334,82.136,75.012,73.613,75.730,83.199,76.417,89.512,76.585,76.671,82.733,74.709,78.350,66.621,68.628,67.628,,59.929,206.178,125.701,77.706
1993-09-01,83.619,76.991,79.766,82.486,74.685,73.872,75.639,84.002,76.572,89.175,76.466,77.115,83.301,74.794,78.349,66.621,68.978,67.502,,60.419,205.804,125.186,77.866
1993-10-01,83.925,76.923,78.919,82.817,74.949,73.910,75.816,84.412,75.920,88.862,76.216,77.377,83.696,74.532,78.370,66.455,69.454,67.176,,60.991,205.411,124.581,78.149
1993-11-01,83.624,76.884,78.356,82.680,74.669,73.968,76.137,84.844,76.011,88.573,76.016,77.872,84.029,74.507,78.418,66.330,70.300,66.775,,61.385,204.654,123.852,78.393
1993-12-01,82.847,76.709,77.299,82.887,74.701,74.271,76.742,84.812,76.134,88.652,75.708,78.050,83.780,73.741,78.807,66.267,70.516,66.274,,62.014,203.330,123.670,78.735
1994-01-01,82.746,76.609,77.002,83.456,74.844,74.721,77.006,84.978,76.219,88.628,75.709,78.303,83.716,73.840,79.620,66.355,70.789,65.984,,62.491,202.314,122.636,79.101
1994-02-01,83.123,76.433,76.860,84.249,75.431,75.083,77.094,85.407,76.348,88.445,75.631,78.172,83.479,73.471,79.669,66.309,71.097,65.790,,63.042,201.572,122.729,79.467
1994-03-01,83.763,76.601,76.469,84.737,76.332,75.207,77.268,85.670,76.500,88.569,75.735,78.288,83.694,73.390,79.641,66.648,71.692,66.370,,63.610,201.015,123.156,79.925
1994-04-01,83.757,76.883,76.439,84.853,77.713,75.263,77.502,86.378,76.543,89.020,76.027,78.793,84.038,73.618,79.794,67.263,72.547,67.051,,64.438,200.538,124.706,80.388
1994-05-01,83.908,77.549,76.395,84.894,79.179,75.706,77.855,87.254,76.675,89.783,76.490,79.645,85.259,74.318,80.402,67.628,73.447,67.698,,65.092,200.119,125.494,80.735
1994-06-01,84.005,78.196,76.724,85.306,80.350,76.148,78.279,88.023,77.281,90.482,77.036,80.154,85.838,74.814,80.905,68.460,74.188,68.150,,65.860,199.439,126.467,81.104
1994-07-01,84.721,78.778,76.950,85.634,81.444,76.603,78.915,88.786,78.137,90.771,77.404,80.464,86.455,75.103,81.191,68.842,74.914,68.382,,66.298,198.716,126.298,81.453
1994-08-01,85.245,79.078,77.245,86.110,81.715,76.884,79.523,89.387,78.569,90.729,77.644,80.681,86.372,74.748,81.605,69.265,75.436,68.405,,66.714,197.371,126.307,81.872
1994-09-01,85.397,79.079,77.132,86.296,82.105,76.951,79.840,90.009,78.890,90.517,77.574,80.800,86.537,74.232,81.680,69.248,75.866,68.206,,66.812,195.694,125.422,82.096
1994-10-01,85.104,78.874,77.073,86.474,82.315,77.254,79.866,90.420,79.171,90.334,77.503,81.026,86.693,73.986,81.888,69.212,75.995,68.171,,67.025,192.980,124.448,82.207
1994-11-01,85.011,78.498,76.586,86.691,82.685,77.556,79.701,91.021,79.514,90.176,77.227,81.322,86.767,73.601,81.764,68.876,76.211,68.038,,67.158,188.945,122.393,82.301
1994-12-01,85.253,78.359,76.073,87.013,83.145,77.947,80.031,91.614,79.664,89.760,76.990,81.134,87.174,73.015,81.662,68.477,76.192,67.935,,67.398,184.966,120.778,82.339
1995-01-01,85.780,78.277,75.914,87.016,83.495,78.164,80.467,92.258,79.727,89.271,76.817,81.124,87.042,72.581,81.376,68.298,76.792,67.726,,67.591,180.681,118.494,82.586
1995-02-01,85.534,78.295,75.363,86.642,84.614,78.264,80.936,92.689,79.589,88.957,76.640,80.753,87.336,72.530,81.610,68.190,77.057,67.403,,67.823,175.963,117.759,82.896
1995-03-01,85.500,77.951,74.987,86.301,85.701,78.318,81.103,92.816,79.408,88.624,76.382,81.032,87.389,72.414,81.801,68.310,77.904,66.786,,68.215,172.198,119.006,83.389
1995-04-01,85.515,77.766,74.783,86.467,86.921,78.397,81.500,92.950,79.304,88.658,76.359,81.892,87.994,72.587,81.900,68.226,78.057,67.083,,68.600,169.981,120.443,83.881
1995-05-01,85.737,78.035,74.923,86.666,88.056,78.546,81.890,93.816,80.023,88.910,76.603,82.635,88.042,72.621,82.133,68.787,78.518,67.311,,69.200,168.598,121.603,84.259
1995-06-01,86.431,78.580,74.880,86.984,89.164,78.755,82.528,94.826,80.646,89.061,76.942,83.696,88.029,72.480,82.816,69.751,79.501,67.502,,69.625,167.775,122.495,84.520
1995-07-01,86.671,78.987,75.061,86.961,90.011,79.136,83.218,96.224,82.333,89.157,77.258,83.713,88.103,72.630,83.376,70.438,80.248,67.718,,70.178,166.359,123.211,84.562
1995-08-01,87.115,79.173,75.114,87.388,90.411,79.567,83.828,97.015,82.729,89.346,77.467,84.182,88.600,72.725,83.795,71.045,81.222,67.778,,70.581,164.645,123.037,84.836
1995-09-01,87.243,79.175,74.871,87.374,90.922,79.903,84.340,98.029,82.256,89.324,77.430,84.316,88.959,72.712,83.916,70.944,81.453,67.758,,71.021,161.638,122.064,85.256
1995-10-01,87.385,79.106,74.604,87.637,91.384,80.098,84.571,98.479,82.552,89.109,77.260,84.665,89.213,72.335,83.795,70.693,81.918,67.303,,71.262,158.087,120.587,85.809
1995-11-01,87.407,78.847,74.129,87.546,91.724,80.184,84.688,99.104,82.524,88.681,76.945,84.611,89.155,71.793,83.965,70.193,82.030,66.802,,71.376,154.500,118.254,86.172
1995-12-01,87.125,78.695,73.596,87.691,91.552,80.384,84.975,99.644,82.757,88.442,76.681,84.389,89.042,71.356,83.802,69.929,82.542,66.434,,71.499,150.536,115.439,86.409
1996-01-01,87.045,78.625,73.391,87.521,91.657,80.699,85.236,100.000,82.681,88.200,76.563,84.144,88.905,71.363,83.775,70.147,82.798,66.150,,71.344,146.342,112.605,86.641
1996-02-01,87.085,78.727,73.095,87.431,91.982,80.974,85.676,100.440,83.056,87.831,76.436,84.193,89.253,71.394,83.310,70.080,83.504,65.966,,71.425,143.113,112.258,87.091
1996-03-01,87.579,78.896,73.066,86.730,93.233,81.100,87.154,100.650,83.034,87.799,76.492,84.823,89.129,71.223,83.481,70.570,84.017,65.924,,71.903,140.061,112.361,87.517
1996-04-01,87.748,78.945,73.351,87.104,94.658,81.495,87.969,101.003,83.745,88.391,76.836,85.959,89.588,71.556,84.355,70.882,85.182,66.438,,72.720,139.257,114.297,88.062
1996-05-01,87.789,79.363,73.882,87.336,95.972,81.846,88.775,102.093,84.353,88.827,77.329,86.548,89.767,72.048,84.880,71.522,85.978,67.052,,73.359,139.984,116.503,88.600
1996-06-01,87.901,79.518,74.525,87.613,97.163,82.259,88.621,103.194,85.259,89.191,77.775,87.097,90.261,72.235,85.535,72.469,86.630,67.667,,73.580,141.973,119.729,89.411
1996-07-01,87.888,79.972,74.713,87.843,97.642,82.305,88.556,104.398,86.141,89.330,78.099,87.600,90.430,72.262,85.753,73.238,87.019,68.022,,73.911,144.324,121.263,90.048
1996-08-01,88.201,80.311,74.904,87.972,98.109,82.614,88.675,104.700,86.881,89.412,78.358,87.779,90.371,72.021,86.028,73.980,87.268,68.346,,73.972,146.113,121.499,90.539
1996-09-01,88.095,80.452,74.686,88.128,98.658,82.930,88.494,105.316,87.360,89.288,78.370,87.900,90.101,72.232,86.028,73.865,88.132,68.433,,74.261,146.630,120.627,90.861
1996-10-01,88.457,80.349,74.698,88.107,99.450,83.144,88.525,105.576,88.011,89.213,78.356,87.918,89.880,72.068,86.103,73.901,89.152,68.530,,74.512,146.487,119.910,91.152
1996-11-01,88.374,80.021,74.498,88.236,99.956,83.362,88.693,106.576,88.788,88.939,78.226,87.848,89.581,72.199,86.214,73.576,90.156,68.718,,74.809,146.169,119.957,91.595
1996-12-01,88.765,80.029,74.154,88.164,99.936,83.332,88.868,106.900,89.323,88.453,78.124,87.688,90.013,71.744,86.288,73.844,90.592,68.687,,75.067,145.894,118.833,92.042
1997-01-01,88.516,80.081,73.913,88.139,100.000,83.543,89.277,107.179,89.731,88.258,78.084,87.212,90.493,71.952,86.040,74.017,90.794,68.804,,74.960,145.307,117.294,92.405
1997-02-01,88.374,80.077,73.543,87.945,100.480,83.535,89.385,106.984,89.986,88.172,77.981,87.616,91.388,72.043,85.836,73.933,91.685,68.813,,75.154,144.057,115.266,92.913
1997-03-01,87.593,79.975,73.976,87.928,102.237,83.781,90.296,107.277,90.416,88.468,78.292,88.155,91.618,72.449,86.214,74.481,92.630,69.785,,75.686,143.339,115.824,93.807
1997-04-01,88.166,80.030,74.821,88.330,103.456,84.373,90.415,107.603,91.532,88.439,78.762,88.599,91.461,73.039,86.419,74.917,93.528,71.090,,76.362,144.563,118.177,94.631
1997-05-01,88.566,80.528,75.717,88.583,104.780,85.033,90.849,108.302,92.358,88.876,79.417,89.183,91.482,73.558,86.743,75.862,93.922,72.195,,76.953,146.465,119.916,95.136
1997-06-01,88.870,81.527,76.617,88.813,105.279,85.385,91.006,109.065,93.627,89.402,80.250,89.329,91.802,74.491,87.263,76.905,93.449,73.116,,77.601,147.986,121.041,95.768
1997-07-01,89.135,82.316,77.199,88.826,105.816,85.608,91.554,110.083,94.786,89.675,80.855,90.064,92.320,74.986,87.882,77.610,93.521,73.752,,78.219,148.881,120.755,96.334
1997-08-01,89.545,82.716,78.069,88.997,105.877,85.748,91.827,110.912,96.222,89.971,81.405,89.915,92.739,75.727,88.345,78.143,93.202,74.434,,78.764,148.489,119.359,97.231
1997-09-01,89.707,82.800,78.287,89.313,106.101,86.262,92.182,111.529,97.698,89.929,81.568,90.372,92.881,75.951,88.465,78.332,93.367,74.756,,78.879,147.257,117.445,97.907
1997-10-01,89.712,82.842,78.769,89.714,106.083,86.523,92.406,111.658,98.834,89.978,81.833,89.986,93.097,76.469,88.625,78.638,93.110,75.224,,79.144,145.236,116.112,98.561
1997-11-01,89.748,82.936,78.967,90.029,106.332,86.945,92.321,111.469,99.537,89.751,81.982,90.494,93.007,76.774,88.994,78.770,93.498,75.312,,79.454,143.769,114.882,99.035
1997-12-01,90.203,83.111,79.504,90.496,106.732,87.093,92.146,111.520,100.024,89.710,82.308,90.373,93.042,77.572,89.175,78.939,93.767,75.808,,79.907,142.392,114.667,99.485
1998-01-01,90.678,83.364,80.280,90.803,106.699,87.405,92.129,111.310,100.000,89.503,82.701,90.783,92.940,78.233,89.685,79.243,93.603,76.188,,80.168,140.776,114.043,100.000
1998-02-01,90.814,83.849,81.142,90.878,106.718,87.603,92.368,111.530,100.217,89.329,83.129,90.763,93.300,79.035,89.752,79.481,93.572,76.526,,80.326,139.055,113.784,100.426
1998-03-01,90.910,84.279,82.732,90.748,107.408,88.199,92.859,111.534,100.582,89.419,83.871,91.101,94.484,80.445,89.994,80.203,94.069,77.483,,80.690,137.640,112.758,101.421
1998-04-01,91.206,84.758,83.958,91.026,108.971,89.034,93.216,111.565,102.008,90.053,84.695,91.875,94.584,81.881,90.122,81.071,94.952,79.080,,81.479,138.430,113.280,102.125
1998-05-01,91.470,85.516,85.405,91.428,109.758,89.860,93.995,112.226,103.741,90.784,85.770,92.607,94.504,83.133,90.882,82.549,95.610,80.824,,82.397,139.879,114.276,102.979
1998-06-01,91.973,86.585,86.968,92.119,110.556,90.491,94.452,113.325,105.493,91.755,87.027,93.626,94.322,84.567,92.008,84.119,96.143,82.406,,83.365,141.504,115.901,103.889
1998-07-01,92.722,87.702,88.620,92.668,110.836,90.761,94.776,114.444,106.743,92.285,88.141,93.937,94.581,85.808,92.590,85.420,96.440,83.520,,84.199,142.889,116.921,104.346
1998-08-01,92.996,88.482,89.982,92.978,111.232,90.988,95.045,115.037,108.007,92.760,89.015,94.103,94.685,87.050,93.019,86.405,96.814,84.411,,85.053,142.972,117.112,104.919
1998-09-01,93.472,89.041,90.950,93.198,111.717,91.276,95.169,115.484,109.317,92.790,89.577,94.168,95.137,87.816,92.801,87.194,97.030,85.064,,85.793,141.967,116.442,105.339
1998-10-01,93.446,89.311,91.385,93.246,111.936,91.951,95.417,115.499,110.574,92.879,89.803,94.342,95.137,88.086,92.820,87.324,97.294,85.047,,86.459,140.051,115.422,105.674
1998-11-01,93.804,89.406,91.380,93.492,111.975,92.548,95.388,116.123,111.994,92.977,89.759,94.543,95.458,88.277,92.135,87.138,97.410,84.658,,86.962,138.184,113.996,105.925
1998-12-01,93.958,89.428,91.299,93.752,111.582,92.951,95.481,115.924,112.235,93.206,89.818,94.594,95.460,88.330,92.399,87.449,97.875,84.504,,87.249,136.595,113.181,105.878
1999-01-01,94.003,89.491,91.223,94.013,111.794,93.290,95.728,115.518,113.130,93.468,90.057,94.953,95.916,89.183,92.424,88.480,98.192,85.028,63.734,87.934,135.209,112.630,105.929
1999-02-01,94.191,89.887,91.462,94.214,112.068,93.639,96.048,114.676,113.570,93.408,90.485,94.935,96.383,90.047,92.683,89.263,98.594,85.928,64.133,88.674,134.078,112.721,106.270
1999-03-01,94.277,90.564,92.374,94.748,112.740,94.343,97.192,115.297,115.148,93.894,91.312,95.673,96.329,91.322,92.831,90.136,98.195,87.509,64.468,90.216,134.069,114.476,107.047
1999-04-01,95.188,91.590,93.947,95.666,113.398,94.985,98.121,116.339,116.050,94.984,92.549,96.627,96.586,92.273,94.068,91.171,98.738,89.207,64.971,91.314,135.980,116.421,107.853
1999-05-01,96.017,92.488,95.275,96.207,114.177,95.913,98.903,117.439,117.534,95.810,93.692,97.366,97.272,93.113,95.372,92.790,99.378,90.823,65.545,92.506,139.199,118.600,108.646
1999-06-01,96.663,94.069,96.624,96.175,114.842,96.659,99.319,117.768,119.550,97.094,95.095,97.861,98.070,94.654,96.833,94.287,100.080,92.518,66.217,93.745,142.358,120.137,109.192
1999-07-01,97.462,95.471,97.494,96.792,115.279,97.316,99.546,118.194,121.668,98.147,96.279,98.062,98.584,95.707,97.512,96.079,100.346,94.201,66.785,94.916,144.581,121.214,109.850
1999-08-01,97.790,96.881,98.303,97.317,115.491,97.616,99.699,118.356,122.864,99.145,97.310,98.540,98.527,96.880,98.105,97.266,100.646,95.139,67.269,96.143,145.816,121.378,110.361
1999-09-01,98.215,97.673,98.628,98.006,115.622,98.011,99.823,118.877,124.215,99.578,97.985,98.761,99.029,97.767,98.305,98.329,100.706,96.151,67.623,97.622,146.227,121.562,110.752
1999-10-01,98.804,98.244,98.993,98.052,115.880,98.594,99.468,119.522,125.219,99.527,98.480,99.217,99.336,98.545,98.972,99.134,100.910,96.717,67.901,98.543,146.036,120.739,111.201
1999-11-01,98.943,98.590,99.343,98.680,115.868,99.115,99.305,119.813,126.267,99.389,98.939,99.540,99.782,99.186,99.382,99.674,100.337,97.866,68.091,99.059,145.821,120.596,111.315
1999-12-01,99.916,99.282,99.787,99.521,116.180,99.757,99.607,119.823,126.546,99.734,99.515,99.733,99.688,99.472,99.844,100.010,100.290,98.899,68.342,99.424,146.078,120.506,111.570
2000-01-01,100.000,100.000,100.000,100.000,115.796,100.000,100.000,119.575,126.183,100.000,100.000,100.000,100.000,100.000,100.000,100.000,100.000,100.000,68.581,100.000,146.148,120.528,111.615
2000-02-01,100.514,100.544,100.619,100.212,116.269,100.803,100.429,119.296,125.922,100.531,100.812,99.633,100.329,101.075,100.520,100.364,100.519,102.698,68.914,100.728,146.508,120.719,112.052
2000-03-01,100.746,101.268,102.128,100.744,117.038,101.181,100.915,119.911,126.723,101.703,102.240,100.353,100.901,103.259,101.529,101.310,100.907,106.559,69.322,101.989,148.443,122.309,112.632
2000-04-01,102.020,102.408,103.704,101.829,118.233,102.503,102.270,120.486,127.534,103.345,104.005,101.420,101.201,105.416,102.778,103.269,101.992,110.967,69.787,103.074,152.245,125.052,113.342
2000-05-01,103.260,104.349,104.989,102.809,119.232,103.383,102.675,121.319,129.389,104.907,105.975,102.304,101.933,107.152,104.379,105.851,102.290,115.010,70.408,105.257,156.057,127.609,114.046
2000-06-01,104.348,106.003,106.357,103.492,120.146,104.583,103.275,121.633,131.064,106.291,107.829,102.652,102.444,109.640,106.079,108.485,102.697,118.447,71.067,107.323,159.456,129.789,114.826
2000-07-01,105.446,107.522,107.233,103.670,120.837,104.810,102.848,122.012,132.749,107.716,109.021,102.602,103.143,111.205,107.011,110.002,102.979,119.483,71.685,108.928,162.382,131.482,115.408
2000-08-01,105.792,108.895,108.185,104.372,121.878,105.095,103.020,122.257,134.112,109.104,110.071,102.916,103.727,112.838,107.393,111.382,103.298,119.951,72.185,109.995,164.487,132.304,115.903
2000-09-01,106.137,109.764,108.945,105.225,122.419,105.080,102.882,122.763,135.110,110.176,110.904,103.052,104.505,113.663,107.298,112.665,103.311,120.936,72.574,111.352,165.604,132.587,116.141
2000-10-01,106.645,110.513,109.558,106.247,123.434,105.558,102.878,123.027,136.521,110.498,111.751,103.592,105.161,114.221,107.285,114.106,103.334,123.077,72.822,112.332,165.898,132.464,116.420
2000-11-01,108.182,110.892,110.119,107.556,123.526,106.045,102.954,123.253,137.255,110.987,112.596,103.447,105.340,115.485,107.426,115.364,103.214,125.662,73.064,113.354,165.804,132.583,116.590
2000-12-01,110.090,111.869,110.120,108.893,124.382,106.347,102.407,123.210,138.533,111.964,113.555,103.917,105.359,116.318,107.861,116.564,103.839,128.577,73.278,114.239,165.627,132.837,116.702
2001-01-01,110.820,112.657,110.881,110.282,124.417,106.626,102.862,123.058,138.591,112.731,114.575,103.936,105.226,117.541,108.346,117.667,103.915,131.160,73.617,114.748,165.402,132.671,117.100
2001-02-01,111.409,113.511,111.316,110.761,125.218,106.896,103.145,123.186,138.876,113.986,115.450,103.935,105.389,118.458,108.627,118.514,104.011,133.271,73.968,115.786,165.354,133.000,117.717
2001-03-01,111.607,114.485,112.978,111.940,126.327,107.244,103.696,123.463,138.946,115.397,116.688,104.065,106.209,121.187,109.377,119.941,104.317,134.097,74.410,116.330,166.797,134.550,118.750
2001-04-01,113.139,115.600,114.122,113.315,128.228,108.079,103.805,124.326,139.729,117.897,117.935,104.373,107.403,122.929,110.631,121.538,105.137,134.383,74.867,117.948,168.721,136.730,119.373
2001-05-01,113.622,116.383,115.315,114.838,130.145,108.744,104.578,125.317,141.295,119.299,118.939,105.368,108.562,124.298,112.123,123.111,106.113,134.089,75.295,119.203,170.604,138.550,119.998
2001-06-01,115.319,117.897,116.465,115.968,131.944,109.774,104.939,125.474,142.437,120.927,120.027,106.313,109.764,125.282,113.789,125.115,107.132,132.643,75.695,120.453,172.296,140.153,120.791
2001-07-01,116.565,119.656,117.357,117.082,133.267,110.244,105.486,125.767,144.299,122.308,121.006,107.199,110.930,126.336,115.199,126.760,108.027,130.954,76.040,121.117,173.293,141.221,121.785
2001-08-01,118.266,121.412,118.673,118.300,134.215,110.708,105.177,125.648,145.768,123.610,121.993,107.824,111.736,127.193,116.185,128.259,108.826,129.149,76.271,121.778,173.622,142.036,122.887
2001-09-01,118.381,122.908,119.509,119.666,135.224,111.090,105.158,126.028,147.402,124.495,122.888,107.917,112.543,128.193,116.695,129.625,109.000,128.602,76.421,122.413,173.439,142.403,123.819
2001-10-01,119.048,123.863,120.159,121.322,136.077,111.241,104.591,126.278,148.464,124.867,123.457,107.484,112.733,129.141,116.817,130.508,108.931,128.013,76.488,122.355,173.224,142.620,124.746
2001-11-01,119.587,124.740,120.485,122.894,137.376,111.165,104.330,126.684,149.351,124.933,123.779,106.630,113.303,129.711,116.769,130.940,108.401,126.989,76.521,121.927,172.791,142.781,125.525
2001-12-01,120.211,124.716,120.649,124.018,138.606,111.006,104.045,127.048,149.433,125.653,123.643,106.096,113.321,129.313,116.876,130.058,108.120,125.466,76.498,121.322,172.826,142.846,126.326
2002-01-01,120.333,125.193,121.453,124.518,140.184,111.181,104.123,126.663,149.696,125.987,123.926,106.211,113.704,128.793,116.965,129.932,108.130,125.126,76.527,121.299,172.641,143.448,126.609
2002-02-01,120.397,125.400,122.256,125.058,141.314,111.670,104.476,126.389,149.949,127.186,124.450,106.446,113.958,129.819,117.286,129.635,108.526,126.057,76.587,121.214,173.431,144.429,127.277
2002-03-01,122.066,126.503,124.120,126.349,143.702,112.016,105.175,126.122,150.770,128.467,125.923,106.945,114.316,131.757,117.663,131.211,110.176,128.787,76.790,122.053,174.979,147.167,128.498
2002-04-01,123.350,127.929,126.234,127.840,146.212,112.391,105.979,124.295,152.201,130.775,127.951,107.819,114.719,135.040,118.968,133.336,110.649,132.619,77.038,122.702,176.988,148.803,130.098
2002-05-01,124.757,129.886,128.731,129.834,148.969,113.010,106.383,123.777,153.706,133.400,130.335,108.693,115.631,138.144,120.385,136.762,111.611,136.068,77.296,123.945,178.912,150.269,131.954
2002-06-01,125.704,132.204,131.587,131.592,151.787,113.747,106.864,123.119,155.977,135.665,132.760,109.786,116.699,141.414,121.564,139.563,111.875,139.346,77.504,124.754,180.610,151.670,134.002
2002-07-01,127.182,135.182,133.966,133.386,154.111,114.313,106.895,123.244,157.148,138.477,135.044,110.248,117.611,144.152,122.771,141.767,113.063,141.020,77.560,125.464,181.787,153.563,136.421
2002-08-01,128.183,137.743,136.592,134.909,156.612,114.678,107.371,123.000,158.613,140.678,137.041,110.444,118.336,147.250,123.490,143.661,112.945,141.929,77.479,125.549,182.306,154.673,138.664
2002-09-01,128.897,139.688,138.620,136.765,158.995,114.761,107.574,122.538,159.358,142.387,138.623,110.202,118.907,149.542,124.072,145.854,113.031,142.292,77.228,125.655,182.503,155.263,141.641
2002-10-01,129.476,141.582,140.765,138.624,161.060,114.857,107.449,121.786,160.095,143.303,140.123,110.161,119.984,151.869,124.656,147.431,112.856,142.744,76.912,125.694,182.480,155.794,145.067
2002-11-01,130.433,143.290,142.071,140.086,162.726,114.910,107.227,120.935,160.497,143.771,141.259,109.653,120.934,153.580,125.378,148.328,113.093,143.062,76.381,125.840,182.509,156.106,148.594
2002-12-01,132.179,145.196,143.258,141.977,164.198,114.907,107.176,119.506,160.491,144.955,142.185,109.981,121.732,154.430,126.269,147.278,113.510,142.402,75.972,125.413,182.433,156.439,152.377
2003-01-01,133.215,146.546,144.272,143.779,165.491,115.120,107.682,117.961,161.011,145.186,142.858,110.151,121.940,155.403,126.767,146.792,113.691,141.897,75.533,124.810,182.353,156.629,155.493
2003-02-01,134.294,147.299,145.297,145.458,167.087,115.234,107.846,116.850,161.026,146.006,143.587,110.576,122.457,156.168,127.475,147.183,114.181,142.191,75.248,124.332,182.774,157.462,160.002
2003-03-01,134.556,148.377,147.230,147.095,169.455,115.844,107.800,116.442,161.112,146.745,144.842,110.819,122.937,157.751,128.258,148.993,114.836,142.998,75.136,124.868,184.511,159.719,165.964
2003-04-01,136.159,149.530,149.649,148.357,172.284,116.058,107.695,114.378,162.081,148.924,146.446,111.877,124.464,160.226,129.051,150.421,115.858,144.691,75.315,125.167,186.601,161.710,173.083
2003-05-01,137.854,150.877,152.267,149.752,174.836,116.880,107.855,112.161,163.469,151.533,148.165,113.036,125.679,162.552,130.517,152.146,116.942,145.531,75.767,125.666,188.255,163.817,180.164
2003-06-01,138.698,151.859,154.982,150.670,177.807,117.351,108.752,110.719,165.042,154.000,149.702,114.032,127.377,165.258,131.428,153.305,118.282,146.530,76.251,125.608,189.806,165.215,188.958
2003-07-01,139.612,153.501,158.340,152.646,179.957,117.793,109.028,111.864,166.092,156.470,151.654,114.714,129.304,167.983,132.497,154.205,119.215,147.750,76.516,126.069,190.889,166.337,197.148
2003-08-01,140.137,155.141,161.886,155.071,181.841,118.167,109.458,111.588,167.145,158.701,153.606,115.551,131.849,171.274,133.007,154.974,119.948,148.723,76.593,126.725,191.509,167.134,204.936
2003-09-01,142.355,157.100,165.292,157.284,183.076,118.534,109.236,110.830,168.421,161.006,155.768,116.078,134.164,175.030,133.937,156.378,120.493,150.246,76.574,126.937,191.620,167.732,211.454
2003-10-01,143.726,158.729,168.401,159.587,183.787,118.398,110.177,108.153,169.435,162.651,157.712,116.461,136.768,178.699,134.875,157.631,121.030,151.750,76.290,127.047,191.607,168.435,215.949
2003-11-01,145.275,160.591,171.113,161.110,183.879,118.447,110.532,105.240,170.336,164.141,159.548,116.122,139.159,181.792,135.913,158.634,121.665,153.355,76.030,127.079,191.906,168.739,219.125
2003-12-01,145.607,162.314,173.982,162.929,183.973,118.311,110.653,103.303,170.330,165.790,161.270,116.139,142.688,184.112,137.092,158.578,122.096,154.623,75.844,126.975,192.329,169.049,220.750
2004-01-01,147.905,163.628,177.006,164.821,183.915,118.673,109.748,100.167,169.560,167.786,162.902,115.619,145.955,186.331,137.648,158.542,122.062,155.927,75.699,127.201,192.773,169.461,221.806
2004-02-01,149.039,164.920,180.490,166.654,184.848,118.652,109.634,97.609,169.320,169.506,164.817,115.466,149.933,189.893,138.098,159.190,122.412,158.109,75.654,127.208,193.517,171.303,222.653
2004-03-01,151.561,166.611,186.552,169.995,186.444,119.058,110.418,95.571,168.706,172.296,167.910,115.587,157.871,196.404,138.080,161.100,122.747,160.899,75.813,127.730,195.379,173.447,223.535
2004-04-01,152.532,168.297,193.216,172.607,188.889,120.104,111.662,93.760,169.688,176.620,171.581,117.052,166.319,203.635,139.263,164.291,124.971,164.650,76.079,128.344,197.288,175.294,225.119
2004-05-01,154.960,170.515,199.584,176.403,190.679,120.882,112.583,92.755,170.382,182.195,175.434,117.895,174.977,210.941,141.276,166.591,126.557,167.758,76.397,129.123,199.041,176.534,226.509
2004-06-01,157.773,172.901,206.385,179.640,191.919,121.490,113.458,92.682,170.902,188.016,179.448,118.633,185.552,218.176,142.568,168.569,128.192,171.506,76.601,130.447,200.491,177.858,227.419
2004-07-01,160.223,175.739,211.076,183.119,192.301,122.235,113.820,93.207,170.738,192.080,182.688,119.021,195.029,224.222,143.958,169.692,129.529,173.846,76.710,131.103,201.897,178.509,227.381
2004-08-01,163.086,177.930,213.491,186.775,192.143,122.858,113.538,92.438,170.971,195.391,184.955,119.457,201.706,227.669,144.758,170.899,130.890,175.886,76.731,131.829,202.617,179.032,227.008
2004-09-01,165.886,179.792,215.082,190.683,191.660,123.368,113.395,90.166,171.124,198.236,186.912,119.754,205.490,230.644,146.041,172.182,132.472,178.153,76.627,131.872,203.317,179.733,225.197
2004-10-01,168.704,181.903,215.738,194.291,189.861,123.267,113.340,86.099,170.637,200.787,188.647,119.550,207.074,232.276,146.895,173.966,133.668,180.750,76.597,132.176,203.655,180.427,224.496
2004-11-01,171.334,183.690,216.582,197.644,187.136,123.272,113.748,83.424,169.847,203.308,190.076,119.405,207.476,232.626,147.856,174.041,134.547,183.146,76.578,132.158,204.103,180.642,223.134
2004-12-01,174.060,185.155,217.338,201.371,184.879,123.527,114.155,80.895,168.823,206.056,191.419,119.584,207.617,233.081,148.852,173.423,134.964,185.718,76.464,132.405,204.409,180.787,221.501
2005-01-01,177.039,187.194,219.408,205.420,181.616,123.835,114.257,77.468,167.946,208.633,193.350,120.100,207.350,233.776,149.695,173.434,135.457,189.347,76.395,132.336,205.066,181.234,220.202
2005-02-01,180.061,189.288,222.289,209.668,179.846,124.206,114.316,74.512,166.829,212.241,195.875,120.111,209.309,235.643,151.024,174.764,136.352,193.497,76.327,132.626,206.518,182.286,218.068
2005-03-01,183.744,192.168,226.753,215.444,178.292,124.703,114.314,70.939,165.555,217.859,199.211,119.724,210.981,236.558,151.849,176.922,138.301,198.298,76.382,132.733,208.522,183.588,216.865
2005-04-01,187.219,194.103,231.587,221.415,179.567,125.922,114.907,69.917,164.778,224.089,202.512,120.653,214.516,239.585,153.280,179.038,141.136,201.863,76.660,133.850,210.329,185.273,215.041
2005-05-01,191.359,195.963,236.677,227.103,178.673,127.123,116.089,70.055,164.403,229.865,205.760,121.874,217.278,241.998,154.720,181.172,144.362,205.521,77.029,134.816,211.845,186.423,213.939
2005-06-01,196.601,197.766,241.697,233.424,178.278,128.532,117.968,69.485,164.289,235.378,208.859,122.433,219.866,245.348,156.162,181.331,148.369,208.924,77.515,135.709,213.056,187.159,212.516
2005-07-01,201.651,199.864,246.366,238.981,176.515,129.033,119.020,70.237,164.968,239.499,211.647,122.776,221.927,247.330,157.379,181.897,151.821,211.559,77.884,136.469,213.666,187.500,210.776
2005-08-01,207.210,202.330,251.096,245.238,175.235,129.510,119.831,71.591,164.668,242.062,214.135,123.164,224.515,248.455,157.814,181.674,155.039,212.863,78.130,137.192,213.764,187.433,208.861
2005-09-01,213.190,204.827,255.845,251.209,172.816,129.492,119.597,72.808,164.202,244.105,216.770,123.173,226.589,249.026,159.323,182.454,158.218,214.730,78.197,137.603,213.764,187.429,205.277
2005-10-01,219.162,207.636,260.156,256.990,170.449,129.633,120.295,72.876,162.124,245.440,219.074,123.127,227.809,249.787,160.469,182.072,160.437,215.553,78.171,137.694,213.647,187.491,200.721
2005-11-01,223.850,210.302,262.565,261.002,166.233,129.834,120.260,72.410,159.090,246.697,220.809,122.721,228.768,250.344,162.440,181.688,162.491,215.705,78.169,137.531,213.225,187.889,194.447
2005-12-01,226.754,212.680,264.770,264.826,160.195,130.210,120.822,72.557,155.724,247.368,221.906,122.709,229.415,248.552,163.163,179.442,164.001,215.107,78.113,137.498,212.669,187.979,187.672
2006-01-01,228.984,213.496,265.920,268.248,154.381,130.586,119.960,71.836,151.057,247.699,222.461,122.117,230.485,247.459,163.978,178.174,165.330,214.782,78.198,137.420,212.094,188.200,180.062
2006-02-01,230.910,214.470,267.746,271.684,152.132,130.613,120.508,70.547,145.981,248.386,223.378,121.037,231.936,247.889,164.669,176.284,167.032,215.495,78.204,137.124,212.374,188.535,172.723
2006-03-01,233.567,214.327,268.232,274.024,149.047,130.615,121.413,67.685,142.289,248.864,223.751,120.579,232.381,248.092,164.895,177.120,169.868,216.037,78.348,136.927,213.787,189.081,166.967
2006-04-01,235.849,214.971,270.438,276.369,149.377,131.505,123.383,67.813,139.397,250.175,224.989,120.853,233.782,249.354,165.585,177.624,172.595,217.525,78.700,137.280,215.495,190.318,161.327
2006-05-01,237.925,215.571,272.124,278.680,148.957,132.722,124.700,68.343,140.232,251.067,225.994,121.803,234.388,249.143,166.611,178.609,175.195,218.365,79.207,138.309,216.767,191.299,157.320
2006-06-01,237.681,215.827,273.218,278.218,149.529,134.008,126.483,70.044,141.526,250.988,226.289,122.931,233.753,249.595,167.102,177.897,177.719,218.123,79.699,139.459,217.615,192.131,153.187
2006-07-01,238.086,215.248,273.849,278.334,149.442,134.904,127.963,71.166,143.450,249.919,226.168,123.492,234.293,249.053,167.571,177.793,179.663,217.635,80.061,140.263,217.945,192.556,149.094
2006-08-01,236.817,214.336,273.801,276.798,149.541,135.274,128.723,71.503,142.171,247.943,225.541,123.388,234.781,247.296,167.988,177.281,181.021,217.221,80.315,140.285,218.049,192.662,144.832
2006-09-01,236.420,214.087,273.940,277.229,148.935,135.104,129.045,70.585,140.745,244.781,225.097,122.271,234.706,246.597,168.596,176.338,181.707,216.375,80.339,139.646,218.195,193.063,139.794
2006-10-01,234.018,214.287,273.663,278.913,149.256,134.732,128.511,69.237,135.973,243.734,224.742,121.434,233.804,244.034,168.585,175.721,181.624,215.423,80.304,138.619,218.417,192.920,135.185
2006-11-01,232.865,214.240,273.051,280.300,148.565,134.176,128.944,68.101,132.908,242.279,223.940,120.302,232.563,242.109,168.183,172.592,181.337,213.836,80.169,137.653,218.631,193.232,130.540
2006-12-01,230.912,213.794,270.025,280.867,147.544,134.010,128.885,68.070,126.279,240.451,222.389,119.595,231.574,238.079,167.650,170.314,180.273,212.130,80.078,137.105,218.676,192.842,123.931
2007-01-01,228.862,212.779,268.682,279.418,145.092,133.445,129.435,67.633,120.420,238.853,221.315,118.614,230.524,237.146,167.519,168.293,179.795,211.780,80.026,135.865,218.736,193.083,117.134
2007-02-01,228.458,212.519,266.627,279.432,143.563,133.304,129.308,67.579,116.427,237.975,220.464,117.619,229.643,235.529,167.491,168.040,179.898,210.778,79.991,134.859,219.853,193.325,111.951
2007-03-01,226.583,212.397,264.584,276.886,143.716,133.220,130.441,65.184,109.585,237.142,219.672,117.600,228.551,233.272,167.037,168.522,181.715,211.087,80.077,134.201,222.155,194.386,106.921
2007-04-01,224.127,211.619,263.366,273.533,145.139,134.274,131.982,64.471,108.623,236.172,218.944,117.567,226.653,232.658,165.873,169.607,183.552,211.474,80.368,134.861,223.828,195.681,104.452
2007-05-01,221.964,210.508,263.189,269.517,146.818,135.034,133.418,65.699,109.868,235.413,218.336,118.369,224.793,231.781,165.683,170.960,185.212,210.888,80.690,136.321,224.561,196.715,103.557
2007-06-01,219.281,209.494,262.123,264.885,146.831,136.110,135.054,69.475,113.757,234.017,217.372,118.350,221.861,231.359,165.939,171.291,185.763,209.482,81.067,138.093,225.262,198.042,104.734
2007-07-01,217.141,208.365,260.840,260.385,147.043,136.473,135.605,72.627,119.365,232.167,216.300,118.679,219.915,229.662,166.129,171.768,186.508,208.638,81.411,139.241,227.068,198.782,106.661
2007-08-01,212.918,207.181,258.071,255.290,145.934,136.435,135.882,73.603,122.977,230.207,214.633,118.355,216.825,226.727,165.775,170.835,185.996,208.149,81.654,139.717,229.820,200.733,108.411
2007-09-01,210.140,206.386,254.787,249.609,145.066,135.551,135.129,74.160,125.245,229.247,212.726,117.352,213.466,222.818,164.419,170.725,185.669,206.462,81.738,138.436,232.879,202.586,109.264
2007-10-01,206.384,205.538,249.500,244.349,143.135,133.857,133.977,72.803,124.802,227.565,209.761,115.913,208.677,217.021,163.121,169.328,185.102,202.027,81.726,136.092,236.092,205.504,110.709
2007-11-01,203.453,204.375,240.426,237.990,141.572,131.345,132.682,71.805,124.311,223.848,205.259,113.274,201.952,209.604,161.613,167.388,183.646,195.487,81.630,133.362,238.776,207.215,111.963
2007-12-01,200.133,202.092,233.027,231.709,138.698,129.609,131.899,70.464,123.642,218.355,200.669,112.044,196.051,202.450,160.026,164.581,182.474,189.226,81.512,130.980,240.937,209.076,112.477
2008-01-01,194.640,200.440,224.415,225.400,135.410,127.763,131.696,70.277,122.555,213.204,196.070,108.493,186.045,197.447,156.424,162.588,178.807,183.811,81.426,128.952,243.285,210.814,111.765
2008-02-01,188.585,198.307,214.831,218.741,132.852,125.983,131.222,69.948,119.846,207.945,190.601,106.821,177.181,190.340,153.291,160.308,176.240,174.540,81.399,127.460,246.543,214.374,110.112
2008-03-01,182.256,196.523,207.112,208.882,132.975,124.457,131.524,68.126,117.236,203.389,186.118,106.424,169.309,185.417,150.334,158.520,174.391,168.378,81.665,127.396,252.242,220.398,109.520
2008-04-01,178.498,194.723,202.445,200.420,135.137,123.622,131.806,67.866,119.353,201.315,183.355,109.546,165.709,180.561,150.427,158.678,174.874,164.629,82.124,128.487,257.845,226.778,110.060
2008-05-01,177.137,194.229,198.536,193.188,136.556,124.294,133.158,71.202,122.704,199.268,181.562,108.884,161.101,178.028,149.936,160.338,175.529,162.695,82.601,129.733,263.346,233.076,111.000
2008-06-01,175.108,194.744,195.704,189.867,137.462,124.614,133.454,75.084,125.923,197.601,180.515,109.679,158.797,175.367,150.108,162.293,175.032,159.827,83.048,131.658,268.560,240.141,110.981
2008-07-01,175.075,193.699,192.552,186.844,137.566,124.736,133.204,77.651,126.791,195.438,178.668,109.374,154.638,172.202,149.550,162.561,174.213,156.877,83.418,132.666,272.530,245.828,110.302
2008-08-01,174.295,193.476,189.176,183.479,137.092,124.324,132.100,79.483,126.372,194.141,176.711,110.537,150.933,168.227,149.462,162.734,171.928,151.417,83.644,132.630,275.010,250.222,108.842
2008-09-01,171.245,191.656,184.539,178.718,135.588,122.708,130.398,80.113,123.750,190.005,173.354,109.873,146.861,164.120,147.834,160.983,169.666,145.534,83.701,130.948,277.376,253.255,107.159
2008-10-01,165.442,189.657,179.822,173.418,134.222,119.788,128.020,80.819,121.498,184.834,169.672,108.759,142.737,159.125,145.483,159.167,166.439,139.436,83.628,129.037,279.683,256.094,105.974
2008-11-01,160.855,186.517,175.854,169.615,132.650,116.458,125.608,80.749,119.183,180.269,165.947,107.428,138.040,155.472,141.393,155.028,162.616,135.280,83.555,127.656,282.376,259.128,104.849
2008-12-01,156.025,183.455,171.395,165.014,130.986,113.004,122.374,81.141,117.389,175.556,162.087,105.210,131.397,152.163,137.159,153.055,158.503,130.124,83.489,125.742,285.426,263.436,103.104
2009-01-01,149.261,180.929,166.547,158.974,130.032,109.441,120.995,81.264,113.460,171.979,157.960,102.892,125.678,148.261,130.848,150.731,153.797,124.396,83.530,122.327,289.492,268.383,101.538
2009-02-01,145.332,177.840,163.166,154.235,128.987,106.652,119.036,80.885,109.741,168.051,154.613,97.755,121.109,146.833,126.379,148.769,150.884,120.352,83.596,120.207,296.612,276.186,100.813
2009-03-01,141.477,173.604,160.885,148.750,131.225,105.068,119.393,81.228,105.769,165.936,151.477,96.864,116.525,144.579,122.504,145.828,147.680,117.710,83.911,120.374,305.804,288.056,100.271
2009-04-01,140.406,170.691,159.374,145.776,133.835,105.415,118.691,82.659,105.901,167.304,150.441,98.067,112.401,144.430,122.367,146.447,146.851,118.459,84.320,122.150,312.756,297.183,100.361
2009-05-01,140.346,171.172,159.176,144.594,137.370,105.980,119.798,85.860,108.510,169.485,151.189,102.113,109.497,145.064,123.730,148.769,146.974,120.160,84.864,123.778,317.437,304.728,100.400
2009-06-01,140.899,172.337,160.901,145.376,139.894,107.621,120.539,88.383,112.435,173.211,153.349,106.375,107.305,147.305,124.988,152.711,148.465,124.697,85.398,126.918,318.730,307.815,100.686
2009-07-01,142.836,173.914,163.971,147.271,141.778,110.087,121.231,90.728,115.755,176.453,155.950,107.930,106.075,150.995,128.321,154.529,150.059,128.857,85.840,128.789,316.301,306.516,100.540
2009-08-01,143.429,175.131,166.621,148.915,141.692,111.270,120.716,92.557,116.023,179.571,158.070,107.416,105.785,153.343,130.549,155.945,150.455,132.472,86.150,130.070,311.199,300.662,100.427
2009-09-01,142.575,174.807,168.033,149.685,142.093,111.265,119.841,93.886,115.837,180.707,158.767,105.753,104.822,154.757,132.126,155.625,149.723,134.155,86.310,129.443,306.623,294.468,100.224
2009-10-01,140.273,174.416,168.434,149.089,141.822,110.122,119.050,94.772,114.444,180.076,158.682,104.968,104.705,155.369,130.750,154.706,149.885,135.806,86.407,128.903,304.200,290.718,100.537
2009-11-01,139.656,172.653,169.719,149.081,142.534,109.286,118.658,94.717,113.776,179.171,158.328,104.748,104.219,156.062,129.361,153.985,150.376,136.634,86.631,128.288,301.931,287.517,101.120
2009-12-01,138.846,171.852,171.385,148.657,141.753,108.618,117.790,94.596,112.360,178.797,158.158,103.863,104.379,156.287,127.256,153.779,149.953,136.398,86.847,127.197,299.026,284.377,101.911
2010-01-01,138.185,171.387,172.965,148.321,141.296,107.042,117.159,93.921,111.468,177.396,157.872,103.289,103.823,156.951,125.115,153.008,147.293,135.629,87.162,125.587,297.481,281.716,102.839
2010-02-01,136.535,170.557,171.805,147.516,140.974,105.655,115.983,93.418,110.586,176.573,156.848,101.531,103.395,157.924,122.566,151.420,143.694,134.669,87.372,124.542,298.362,281.693,104.118
2010-03-01,136.459,169.262,170.610,146.146,145.196,103.731,114.766,93.749,109.504,175.412,156.211,103.318,102.582,160.217,119.712,151.390,143.611,136.741,87.876,125.307,302.950,284.716,106.380
2010-04-01,137.087,168.887,171.778,145.041,149.050,105.689,116.048,94.808,110.447,179.507,157.355,104.773,102.824,161.386,120.432,153.559,146.249,139.765,88.557,127.502,307.812,288.660,109.010
2010-05-01,138.295,170.471,174.674,146.330,153.744,107.861,116.392,96.129,113.531,182.576,159.407,105.848,102.346,163.109,121.903,155.947,147.979,142.163,89.373,128.241,312.105,293.174,111.919
2010-06-01,138.581,172.845,175.658,146.917,156.463,109.724,117.242,97.305,118.846,185.739,161.060,107.262,101.768,163.822,124.898,157.833,148.731,142.549,90.194,129.198,315.054,295.235,114.682
2010-07-01,138.243,175.020,176.271,147.885,159.498,110.018,117.032,98.124,123.233,187.153,162.242,107.310,100.915,165.025,126.166,158.832,148.334,143.225,90.859,128.718,317.002,296.120,117.219
2010-08-01,137.531,175.184,175.552,147.472,160.363,108.951,116.569,98.723,124.602,187.047,162.008,106.997,101.028,163.992,126.701,158.354,147.023,142.831,91.406,128.571,318.193,295.619,119.276
2010-09-01,136.497,174.429,175.362,145.636,160.868,106.393,115.396,98.357,125.724,186.251,161.002,103.782,101.180,162.434,124.759,156.274,144.295,141.538,91.751,127.328,319.016,295.231,120.649
2010-10-01,134.922,171.503,174.045,144.029,160.388,103.299,114.115,98.242,124.944,184.962,158.898,102.131,100.972,159.989,122.278,154.342,142.157,138.842,91.998,126.577,319.464,294.269,122.390
2010-11-01,133.489,169.532,173.282,143.807,160.169,100.802,113.451,97.297,125.874,183.806,157.497,100.035,100.591,160.076,119.570,152.763,139.922,137.276,92.196,125.020,318.789,292.398,124.156
2010-12-01,130.654,167.923,170.993,143.109,159.316,100.060,112.412,96.912,125.958,182.904,156.038,100.205,99.477,158.969,117.862,152.518,138.225,136.020,92.443,124.098,317.932,290.477,125.327
2011-01-01,129.034,165.921,169.881,141.301,158.090,100.335,111.319,96.697,125.495,181.348,154.363,99.129,99.235,157.034,115.784,152.183,135.798,133.369,92.713,122.726,317.663,289.938,126.693
2011-02-01,127.617,164.452,168.232,138.435,159.046,100.679,110.113,97.093,124.540,179.965,152.384,98.521,98.283,155.052,113.256,149.833,133.658,129.959,92.980,121.261,320.583,291.604,128.100
2011-03-01,126.704,162.336,167.748,137.277,162.050,100.325,108.920,97.900,123.202,177.516,150.912,97.023,97.176,153.881,110.570,147.333,132.666,129.829,93.610,120.555,325.618,295.122,130.286
2011-04-01,126.426,163.917,168.180,136.994,165.719,101.813,110.353,99.443,126.806,178.485,151.781,98.101,96.469,154.500,110.122,147.062,132.844,132.019,94.435,122.321,330.161,298.590,132.465
2011-05-01,127.063,165.092,169.072,138.602,168.101,102.803,111.846,100.991,129.535,180.565,153.329,99.101,95.597,154.779,112.009,150.894,134.504,134.422,95.360,123.944,333.632,300.835,134.965
2011-06-01,128.516,166.818,169.659,139.457,169.937,104.321,113.555,102.659,132.454,182.670,154.865,100.650,95.671,155.064,115.606,154.461,134.516,134.901,96.363,125.974,335.646,301.996,137.356
2011-07-01,129.482,169.538,170.049,141.148,170.874,104.549,113.561,103.306,134.827,185.287,156.318,101.644,95.476,155.221,117.779,155.748,135.798,135.278,97.192,125.975,335.771,301.674,139.365
