Date,AZ-Phoenix,CA-Los Angeles,CA-San Diego,CA-San Francisco,CO-Denver,DC-Washington,FL-Miami,FL-Tampa,GA-Atlanta,IL-Chicago,MA-Boston,MI-Detroit,MN-Minneapolis,NC-Charlotte,NV-Las Vegas,NY-New York,OH-Cleveland,OR-Portland,TX-Dallas,WA-Seattle,Composite-10,Composite-20,National-US
1987-01-01,,59.331,54.668,46.613,50.196,64.115,68.499,77.334,0.000,53.546,70.042,,,63.388,66.358,74.422,53.531,41.055,,,62.824,,63.732
1987-02-01,,59.646,54.891,46.868,49.958,64.775,68.764,77.933,0.000,54.640,70.084,,,63.936,67.030,75.426,53.499,41.283,,,63.386,,64.132
1987-03-01,,59.986,55.162,47.320,50.146,65.712,69.231,77.761,0.000,54.802,70.003,,,64.171,67.335,76.250,53.680,41.057,,,63.874,,64.467
1987-04-01,,60.806,55.854,47.693,50.554,66.396,69.199,77.556,0.000,54.880,70.698,,,64.813,67.882,77.338,53.754,40.962,,,64.568,,64.972
1987-05-01,,61.671,56.351,48.315,50.625,67.268,69.457,77.849,0.000,55.426,71.510,,,65.182,67.899,79.162,54.714,41.243,,,65.565,,65.547
1987-06-01,,62.708,56.858,48.832,50.501,68.697,69.312,78.710,0.000,56.389,72.320,,,65.547,66.477,80.840,55.121,41.449,,,66.591,,66.218
1987-07-01,,63.662,57.262,49.486,50.277,69.787,69.696,79.111,0.000,57.541,73.093,,,65.760,65.433,82.219,55.740,41.817,,,67.538,,66.786
1987-08-01,,64.558,57.692,49.938,50.380,70.616,70.156,79.145,0.000,58.374,73.792,,,66.075,65.136,83.014,56.103,41.904,,,68.248,,67.270
1987-09-01,,65.381,58.138,50.690,50.178,71.794,70.946,79.240,0.000,58.852,74.390,,,66.468,65.855,83.439,56.509,41.800,,,68.874,,67.623
1987-10-01,,66.197,58.526,51.331,50.383,72.566,71.283,79.085,0.000,59.317,74.634,,,66.768,66.210,83.880,56.608,41.857,,,69.417,,67.902
1987-11-01,,66.945,59.023,51.796,49.887,73.179,71.504,79.054,0.000,59.343,74.829,,,67.087,67.046,84.018,56.603,41.673,,,69.760,,68.091
1987-12-01,,67.908,59.401,52.032,49.855,73.425,71.413,79.154,0.000,60.305,74.745,,,67.188,66.656,84.413,56.379,41.875,,,70.217,,68.343
1988-01-01,,68.661,59.864,52.241,49.346,74.067,71.655,79.361,0.000,61.195,74.401,,,67.608,66.639,84.120,56.437,41.607,,,70.445,,68.583
1988-02-01,,69.359,60.123,52.637,49.266,74.883,71.676,79.213,0.000,62.783,74.021,,,67.438,65.894,83.924,56.454,41.479,,,70.768,,68.917
1988-03-01,,70.138,60.874,53.185,48.847,76.035,72.195,79.263,0.000,64.448,73.400,,,67.949,66.263,83.484,57.165,41.853,,,71.120,,69.326
1988-04-01,,70.832,61.190,54.192,48.584,77.016,72.474,79.439,0.000,65.219,73.780,,,67.792,67.114,83.708,57.656,42.097,,,71.651,,69.790
1988-05-01,,72.031,61.681,56.094,48.220,78.194,72.761,79.882,0.000,65.535,74.460,,,67.921,67.514,84.226,58.251,42.580,,,72.477,,70.409
1988-06-01,,74.354,61.543,58.218,48.272,79.563,73.547,80.248,0.000,66.846,75.068,,,68.139,67.184,84.592,59.228,42.754,,,73.631,,71.068
1988-07-01,,77.225,64.810,58.702,48.325,81.254,74.130,80.739,0.000,67.073,75.526,,,68.644,67.360,85.024,59.701,43.094,,,74.807,,71.685
1988-08-01,,79.274,65.641,59.005,48.520,82.347,75.021,80.954,0.000,68.656,75.467,,,69.674,68.107,85.331,60.320,43.537,,,75.696,,72.185
1988-09-01,,81.230,66.450,59.502,48.369,83.592,75.626,80.781,0.000,68.708,75.383,,,69.931,69.062,85.541,60.595,43.719,,,76.404,,72.574
1988-10-01,,82.936,67.474,60.375,48.271,83.943,75.863,80.843,0.000,69.370,75.252,,,70.102,69.193,85.141,60.837,44.017,,,76.896,,72.822
1988-11-01,,84.694,68.619,61.313,47.859,84.676,76.093,80.609,0.000,68.267,75.015,,,69.562,68.640,84.816,60.881,44.053,,,77.281,,73.064
1988-12-01,,85.972,69.843,62.198,47.360,85.739,76.189,80.736,0.000,67.695,74.791,,,69.696,67.980,84.326,61.057,44.236,,,77.577,,73.277
1989-01-01,67.544,87.299,70.961,62.662,47.230,86.497,76.594,80.407,0.000,67.460,74.225,,63.129,69.758,68.728,84.317,61.408,44.262,,,77.986,,73.617
1989-02-01,67.429,88.275,72.272,63.318,47.207,87.336,76.817,80.726,0.000,68.322,74.591,,62.811,70.231,69.115,83.771,61.247,44.572,,,78.363,,73.968
1989-03-01,67.711,90.337,73.921,64.644,47.332,88.139,76.998,81.568,0.000,69.927,74.479,,62.432,70.525,69.966,83.274,61.373,44.564,,,79.117,,74.410
1989-04-01,67.654,92.113,75.448,66.265,47.335,88.990,77.319,81.798,0.000,70.681,74.629,,63.031,70.674,69.606,82.945,61.566,45.001,,,79.826,,74.867
1989-05-01,67.898,93.977,76.829,67.769,47.485,89.617,77.194,82.342,0.000,70.481,74.728,,63.314,71.132,69.641,82.969,62.630,45.444,,,80.516,,75.294
1989-06-01,67.662,95.548,78.308,69.259,47.733,90.480,77.681,82.064,0.000,70.915,74.632,,63.886,71.519,71.186,82.953,63.127,46.103,,,81.236,,75.694
1989-07-01,67.564,96.705,79.359,70.275,47.644,91.260,78.048,82.127,0.000,70.887,74.676,,63.850,71.788,71.557,82.672,63.776,46.504,,,81.655,,76.040
1989-08-01,67.281,97.507,80.558,71.362,47.776,91.844,78.561,81.497,0.000,71.307,74.068,,64.066,71.916,72.648,82.627,64.594,46.970,,,82.078,,76.270
1989-09-01,67.139,97.986,81.584,72.311,47.796,92.352,78.584,81.774,0.000,70.876,73.706,,63.998,71.898,73.408,82.376,65.036,47.259,,,82.250,,76.419
1989-10-01,66.684,98.549,82.439,72.953,48.120,92.453,78.623,81.995,0.000,70.365,73.379,,64.214,72.048,74.266,82.361,65.228,47.670,,,82.436,,76.486
1989-11-01,66.520,99.288,82.996,73.251,48.177,92.448,78.509,82.289,0.000,69.567,73.310,,64.420,72.164,74.741,81.850,64.737,47.885,,,82.435,,76.519
1989-12-01,66.407,99.881,83.552,73.025,48.060,92.640,78.742,82.053,0.000,68.912,73.016,,64.353,72.480,74.986,81.315,64.940,48.675,,,82.353,,76.496
1990-01-01,66.556,100.226,83.775,72.871,47.980,92.987,79.198,82.261,0.000,68.500,72.756,,63.843,72.693,75.461,80.888,64.779,49.419,,58.233,82.294,,76.527
1990-02-01,66.512,100.151,84.084,72.946,48.085,93.178,79.480,82.421,0.000,68.058,72.282,,63.660,72.919,75.140,80.529,65.132,50.273,,59.977,82.152,,76.587
1990-03-01,66.440,100.018,84.433,73.502,48.292,93.020,79.300,83.028,0.000,68.684,71.190,,63.977,72.990,76.084,79.986,65.443,50.248,,62.294,82.017,,76.790
1990-04-01,66.478,99.987,85.089,74.573,48.402,93.218,79.242,82.642,0.000,69.428,70.905,,64.442,73.179,76.771,79.345,66.514,51.087,,65.092,82.048,,77.039
1990-05-01,66.436,99.792,85.532,75.120,48.395,93.009,79.327,82.761,0.000,69.972,70.416,,64.727,73.496,77.592,79.051,67.069,51.892,,66.825,82.014,,77.297
1990-06-01,66.563,100.240,86.008,75.151,48.746,92.952,79.782,82.570,0.000,70.619,70.145,,64.721,74.100,78.342,78.961,67.942,53.536,,68.063,82.187,,77.505
1990-07-01,66.605,100.051,86.017,74.807,48.839,92.805,80.032,82.842,0.000,71.233,69.840,,64.631,74.117,79.530,78.784,68.457,54.717,,68.299,82.102,,77.559
1990-08-01,66.580,99.989,85.862,74.455,48.995,92.346,80.108,82.668,0.000,71.479,69.560,,64.337,74.326,80.951,78.206,68.951,56.018,,68.607,81.863,,77.478
1990-09-01,66.253,99.256,85.759,74.239,48.980,91.809,79.943,82.166,0.000,71.614,69.304,,64.261,74.089,81.644,77.407,69.108,57.024,,68.134,81.393,,77.227
1990-10-01,65.931,98.663,85.319,73.440,48.861,91.484,79.673,81.733,0.000,70.988,68.723,,64.506,74.115,82.413,76.803,68.971,57.385,,67.586,80.838,,76.911
1990-11-01,65.410,97.362,84.975,72.576,48.781,91.076,79.754,81.566,0.000,70.732,67.361,,64.404,73.360,81.846,76.143,68.855,57.267,,66.875,80.094,,76.379
1990-12-01,65.356,96.544,83.931,71.468,48.526,90.739,79.412,81.713,0.000,70.085,66.135,,64.502,73.462,81.785,75.595,68.525,56.723,,66.384,79.380,,75.970
1991-01-01,65.257,95.278,83.132,71.168,48.668,89.375,79.079,81.754,69.611,70.045,64.965,58.244,64.213,73.321,80.960,74.594,68.235,56.535,,65.528,78.532,,75.532
1991-02-01,65.294,94.116,81.873,70.268,48.676,88.796,78.554,81.764,69.173,70.503,64.175,57.763,64.201,73.255,81.582,73.691,67.961,56.936,,64.598,77.773,,75.246
1991-03-01,64.604,92.826,80.892,69.558,48.849,87.592,78.438,81.434,69.048,70.630,63.574,57.629,64.193,72.751,81.652,72.868,68.180,58.029,,64.467,77.004,,75.132
1991-04-01,64.353,92.829,80.726,69.463,49.203,87.556,78.550,81.463,69.402,71.093,63.355,57.850,64.304,72.883,81.675,72.294,69.105,58.387,,65.091,76.858,,75.315
1991-05-01,64.373,93.372,81.405,70.133,49.509,88.607,77.947,81.334,69.689,71.363,63.836,58.364,64.750,73.256,82.016,72.629,69.922,58.897,,66.025,77.306,,75.765
1991-06-01,64.879,94.254,82.197,70.828,50.092,89.276,78.490,81.771,70.143,71.664,64.251,58.901,64.955,73.485,81.909,73.504,70.545,59.541,,66.681,78.020,,76.253
1991-07-01,65.505,94.848,82.588,71.392,50.553,89.566,78.636,81.846,70.124,72.156,64.490,59.290,65.655,73.607,83.349,74.387,71.089,59.889,,66.933,78.608,,76.512
1991-08-01,65.867,95.215,82.472,71.515,50.858,89.130,79.558,82.097,70.477,72.624,64.790,59.646,65.939,73.585,84.069,74.897,71.306,60.171,,67.037,78.935,,76.589
1991-09-01,66.044,94.918,82.201,71.554,50.898,88.817,79.267,81.651,70.354,72.593,64.832,59.698,66.135,73.381,85.461,75.063,71.648,60.195,,66.990,78.881,,76.574
1991-10-01,65.842,94.512,82.023,71.208,50.992,88.624,79.308,81.516,70.287,72.432,64.712,59.842,65.727,73.577,83.810,75.011,71.525,60.636,,66.479,78.684,,76.287
1991-11-01,66.104,93.665,81.759,70.687,51.034,88.749,79.287,81.692,70.088,72.226,64.045,59.709,65.676,73.519,81.981,74.841,71.419,60.590,,66.131,78.311,,76.028
1991-12-01,65.950,93.014,81.137,70.052,51.081,88.286,79.091,81.753,69.903,72.451,63.686,59.778,65.807,73.797,82.869,74.736,71.005,61.080,,65.705,77.991,,75.839
1992-01-01,66.013,92.449,80.484,69.667,51.248,88.250,79.096,81.488,70.051,72.710,63.179,59.564,65.646,73.581,82.849,74.590,71.159,61.400,,65.609,77.740,,75.702
1992-02-01,65.879,91.974,79.868,69.478,51.941,87.745,78.514,80.395,69.884,73.186,62.941,59.473,66.193,73.558,83.093,74.379,71.215,61.538,,65.545,77.505,,75.657
1992-03-01,65.935,90.970,79.978,69.167,52.826,87.973,78.597,80.273,69.957,73.511,62.972,59.558,66.603,73.288,82.665,74.267,71.742,61.573,,66.178,77.305,,75.815
1992-04-01,65.828,90.582,80.183,69.259,53.478,88.433,78.979,80.631,69.910,72.971,63.692,60.161,67.000,73.254,82.469,74.403,72.159,61.796,,66.873,77.356,,76.080
1992-05-01,66.022,90.399,80.401,69.862,53.793,88.967,79.417,81.053,70.283,73.355,64.089,60.612,67.078,73.453,82.892,74.690,72.700,62.243,,67.571,77.622,,76.397
1992-06-01,66.080,90.406,80.268,70.022,54.176,89.241,79.783,81.219,70.586,74.447,64.385,60.924,67.296,73.602,82.837,75.136,73.159,62.729,,67.903,77.938,,76.601
1992-07-01,66.264,90.061,80.103,70.002,54.398,89.082,78.053,80.687,71.288,75.484,64.461,61.148,67.504,74.142,82.855,75.471,73.397,62.922,,67.981,77.952,,76.710
1992-08-01,66.457,89.860,79.804,69.642,54.770,89.027,77.949,80.569,71.513,75.754,64.753,61.509,67.656,74.412,82.802,75.791,73.771,63.486,,67.749,77.993,,76.731
1992-09-01,66.541,89.112,79.577,69.511,54.974,88.744,77.608,80.537,71.594,75.823,64.634,61.676,67.589,74.605,82.977,75.742,74.069,63.835,,67.438,77.756,,76.628
1992-10-01,66.551,87.951,78.478,69.281,54.964,88.795,79.541,81.497,71.170,75.794,64.615,61.551,67.785,74.376,83.652,75.482,74.211,64.231,,67.738,77.454,,76.598
1992-11-01,66.521,86.795,78.183,68.846,55.206,88.747,79.705,81.873,71.329,75.824,64.172,61.358,67.929,74.175,83.667,75.380,74.301,64.869,,67.569,77.095,,76.579
1992-12-01,66.586,85.596,77.195,68.205,55.353,88.628,79.986,81.529,71.328,75.425,64.285,61.436,67.977,74.416,82.907,75.346,74.153,64.779,,67.469,76.682,,76.465
1993-01-01,66.835,84.879,77.248,67.771,55.830,88.735,79.938,81.324,71.505,75.379,64.439,61.360,67.699,74.574,82.343,75.537,74.290,64.934,,67.487,76.556,,76.396
1993-02-01,66.830,84.088,76.323,67.436,56.054,88.751,79.925,81.171,71.259,75.530,64.259,61.317,67.679,74.680,82.667,75.425,73.957,64.951,,67.765,76.277,,76.328
1993-03-01,67.206,82.764,75.944,67.090,56.678,88.730,79.639,81.927,71.491,75.800,64.001,61.202,68.404,74.576,82.775,75.323,74.082,65.296,,68.194,75.912,,76.383
1993-04-01,67.304,82.054,75.457,67.592,57.055,88.505,80.133,82.377,71.935,75.973,63.985,61.576,68.964,74.485,82.335,75.335,74.625,66.291,,67.938,75.829,,76.660
1993-05-01,67.750,81.675,75.570,67.905,57.590,88.483,80.766,82.557,72.529,76.577,64.558,62.065,69.365,74.659,81.720,75.708,75.471,67.030,,68.140,76.036,,77.029
1993-06-01,67.948,81.686,75.404,67.991,58.421,89.037,81.358,82.353,72.916,77.591,65.430,62.743,69.355,75.128,81.733,76.436,76.067,68.054,,68.133,76.508,,77.516
1993-07-01,68.441,81.107,75.024,67.650,59.103,89.401,81.784,82.289,73.334,78.102,66.106,63.206,69.794,75.564,82.127,76.838,76.526,68.523,,68.176,76.610,,77.886
1993-08-01,68.718,80.334,74.709,67.628,59.929,89.512,82.136,82.807,73.613,78.350,66.621,63.674,70.137,75.730,82.733,76.989,76.671,68.628,,68.588,76.585,,78.132
1993-09-01,69.285,79.766,74.794,67.502,60.419,89.175,82.486,83.619,73.872,78.349,66.621,63.831,70.714,75.639,83.301,76.991,77.115,68.978,,69.208,76.466,,78.199
1993-10-01,69.409,78.919,74.532,67.176,60.991,88.862,82.817,83.925,73.910,78.370,66.455,64.086,70.912,75.816,83.696,76.923,77.377,69.454,,69.467,76.216,,78.173
1993-11-01,69.811,78.356,74.507,66.775,61.385,88.573,82.680,83.624,73.968,78.418,66.330,64.287,71.227,76.137,84.029,76.884,77.872,70.300,,69.648,76.016,,78.172
1993-12-01,70.026,77.299,73.741,66.274,62.014,88.652,82.887,82.847,74.271,78.807,66.267,64.390,71.133,76.742,83.780,76.709,78.050,70.516,,69.519,75.708,,78.114
1994-01-01,70.534,77.002,73.840,65.984,62.491,88.628,83.456,82.746,74.721,79.620,66.355,64.301,71.485,77.006,83.716,76.609,78.303,70.789,,69.824,75.709,,78.199
1994-02-01,70.817,76.860,73.471,65.790,63.042,88.445,84.249,83.123,75.083,79.669,66.309,64.312,72.015,77.094,83.479,76.433,78.172,71.097,,69.583,75.631,,78.204
1994-03-01,71.279,76.469,73.390,66.370,63.610,88.569,84.737,83.763,75.207,79.641,66.648,64.600,73.100,77.268,83.694,76.601,78.288,71.692,,69.836,75.735,,78.348
1994-04-01,71.734,76.439,73.618,67.051,64.438,89.020,84.853,83.757,75.263,79.794,67.263,64.902,73.183,77.502,84.038,76.883,78.793,72.547,,70.332,76.027,,78.700
1994-05-01,72.141,76.395,74.318,67.698,65.092,89.783,84.894,83.908,75.706,80.402,67.628,65.417,73.122,77.855,85.259,77.549,79.645,73.447,,71.512,76.490,,79.208
1994-06-01,72.470,76.724,74.814,68.150,65.860,90.482,85.306,84.005,76.148,80.905,68.460,66.013,72.926,78.279,85.838,78.196,80.154,74.188,,71.969,77.036,,79.700
1994-07-01,72.996,76.950,75.103,68.382,66.298,90.771,85.634,84.721,76.603,81.191,68.842,66.617,72.894,78.915,86.455,78.778,80.464,74.914,,72.122,77.404,,80.062
1994-08-01,73.529,77.245,74.748,68.405,66.714,90.729,86.110,85.245,76.884,81.605,69.265,67.150,73.078,79.523,86.372,79.078,80.681,75.436,,71.925,77.644,,80.316
1994-09-01,74.055,77.132,74.232,68.206,66.812,90.517,86.296,85.397,76.951,81.680,69.248,67.478,73.117,79.840,86.537,79.079,80.800,75.866,,71.927,77.574,,80.339
1994-10-01,74.263,77.073,73.986,68.171,67.025,90.334,86.474,85.104,77.254,81.888,69.212,67.652,73.169,79.866,86.693,78.874,81.026,75.995,,72.012,77.503,,80.304
1994-11-01,74.463,76.586,73.601,68.038,67.158,90.176,86.691,85.011,77.556,81.764,68.876,67.661,73.223,79.701,86.767,78.498,81.322,76.211,,71.991,77.227,,80.169
1994-12-01,74.787,76.073,73.015,67.935,67.398,89.760,87.013,85.253,77.947,81.662,68.477,67.936,72.847,80.031,87.174,78.359,81.134,76.192,,71.725,76.990,,80.078
1995-01-01,75.107,75.914,72.581,67.726,67.591,89.271,87.016,85.780,78.164,81.376,68.298,68.721,72.958,80.467,87.042,78.277,81.124,76.792,,71.718,76.817,,80.026
1995-02-01,75.369,75.363,72.530,67.403,67.823,88.957,86.642,85.534,78.264,81.610,68.190,70.474,73.612,80.936,87.336,78.295,80.753,77.057,,71.195,76.640,,79.991
1995-03-01,75.520,74.987,72.414,66.786,68.215,88.624,86.301,85.500,78.318,81.801,68.310,70.246,74.591,81.103,87.389,77.951,81.032,77.904,,71.435,76.382,,80.077
1995-04-01,75.798,74.783,72.587,67.083,68.600,88.658,86.467,85.515,78.397,81.900,68.226,69.820,75.070,81.500,87.994,77.766,81.892,78.057,,71.281,76.359,,80.369
1995-05-01,76.165,74.923,72.621,67.311,69.200,88.910,86.666,85.737,78.546,82.133,68.787,70.053,75.311,81.890,88.042,78.035,82.635,78.518,,71.878,76.603,,80.691
1995-06-01,76.820,74.880,72.480,67.502,69.625,89.061,86.984,86.431,78.755,82.816,69.751,70.598,75.559,82.528,88.029,78.580,83.696,79.501,,72.009,76.942,,81.068
1995-07-01,77.259,75.061,72.630,67.718,70.178,89.157,86.961,86.671,79.136,83.376,70.438,71.145,76.053,83.218,88.103,78.987,83.713,80.248,,72.619,77.258,,81.412
1995-08-01,77.706,75.114,72.725,67.778,70.581,89.346,87.388,87.115,79.567,83.795,71.045,71.761,76.417,83.828,88.600,79.173,84.182,81.222,,72.883,77.467,,81.654
1995-09-01,77.866,74.871,72.712,67.758,71.021,89.324,87.374,87.243,79.903,83.916,70.944,72.399,76.572,84.340,88.959,79.175,84.316,81.453,,73.024,77.430,,81.738
1995-10-01,78.149,74.604,72.335,67.303,71.262,89.109,87.637,87.385,80.098,83.795,70.693,72.750,75.920,84.571,89.213,79.106,84.665,81.918,,73.102,77.260,,81.726
1995-11-01,78.393,74.129,71.793,66.802,71.376,88.681,87.546,87.407,80.184,83.965,70.193,73.111,76.011,84.688,89.155,78.847,84.611,82.030,,72.924,76.945,,81.630
1995-12-01,78.735,73.596,71.356,66.434,71.499,88.442,87.691,87.125,80.384,83.802,69.929,73.203,76.134,84.975,89.042,78.695,84.389,82.542,,72.826,76.681,,81.512
1996-01-01,79.101,73.391,71.363,66.150,71.344,88.200,87.521,87.045,80.699,83.775,70.147,73.329,76.219,85.236,88.905,78.625,84.144,82.798,,72.354,76.563,,81.427
1996-02-01,79.467,73.095,71.394,65.966,71.425,87.831,87.431,87.085,80.974,83.310,70.080,73.823,76.348,85.676,89.253,78.727,84.193,83.504,,72.447,76.436,,81.400
1996-03-01,79.925,73.066,71.223,65.924,71.903,87.799,86.730,87.579,81.100,83.481,70.570,74.202,76.500,87.154,89.129,78.896,84.823,84.017,,73.213,76.492,,81.666
1996-04-01,80.388,73.351,71.556,66.438,72.720,88.391,87.104,87.748,81.495,84.355,70.882,74.995,76.543,87.969,89.588,78.945,85.959,85.182,,73.705,76.836,,82.124
1996-05-01,80.735,73.882,72.048,67.052,73.359,88.827,87.336,87.789,81.846,84.880,71.522,75.718,76.675,88.775,89.767,79.363,86.548,85.978,,74.247,77.329,,82.601
1996-06-01,81.104,74.525,72.235,67.667,73.580,89.191,87.613,87.901,82.259,85.535,72.469,76.527,77.281,88.621,90.261,79.518,87.097,86.630,,74.628,77.775,,83.048
1996-07-01,81.453,74.713,72.262,68.022,73.911,89.330,87.843,87.888,82.305,85.753,73.238,77.288,78.137,88.556,90.430,79.972,87.600,87.019,,74.679,78.099,,83.418
1996-08-01,81.872,74.904,72.021,68.346,73.972,89.412,87.972,88.201,82.614,86.028,73.980,77.967,78.569,88.675,90.371,80.311,87.779,87.268,,75.012,78.358,,83.645
1996-09-01,82.096,74.686,72.232,68.433,74.261,89.288,88.128,88.095,82.930,86.028,73.865,78.512,78.890,88.494,90.101,80.452,87.900,88.132,,74.685,78.370,,83.701
1996-10-01,82.207,74.698,72.068,68.530,74.512,89.213,88.107,88.457,83.144,86.103,73.901,78.975,79.171,88.525,89.880,80.349,87.918,89.152,,74.949,78.356,,83.629
1996-11-01,82.301,74.498,72.199,68.718,74.809,88.939,88.236,88.374,83.362,86.214,73.576,79.243,79.514,88.693,89.581,80.021,87.848,90.156,,74.669,78.226,,83.556
1996-12-01,82.339,74.154,71.744,68.687,75.067,88.453,88.164,88.765,83.332,86.288,73.844,79.189,79.664,88.868,90.013,80.029,87.688,90.592,,74.701,78.124,,83.489
1997-01-01,82.586,73.913,71.952,68.804,74.960,88.258,88.139,88.516,83.543,86.040,74.017,79.103,79.727,89.277,90.493,80.081,87.212,90.794,,74.844,78.084,,83.529
1997-02-01,82.896,73.543,72.043,68.813,75.154,88.172,87.945,88.374,83.535,85.836,73.933,78.914,79.589,89.385,91.388,80.077,87.616,91.685,,75.431,77.981,,83.595
1997-03-01,83.389,73.976,72.449,69.785,75.686,88.468,87.928,87.593,83.781,86.214,74.481,79.698,79.408,90.296,91.618,79.975,88.155,92.630,,76.332,78.292,,83.909
1997-04-01,83.881,74.821,73.039,71.090,76.362,88.439,88.330,88.166,84.373,86.419,74.917,80.495,79.304,90.415,91.461,80.030,88.599,93.528,,77.713,78.762,,84.319
1997-05-01,84.259,75.717,73.558,72.195,76.953,88.876,88.583,88.566,85.033,86.743,75.862,81.447,80.023,90.849,91.482,80.528,89.183,93.922,,79.179,79.417,,84.863
1997-06-01,84.520,76.617,74.491,73.116,77.601,89.402,88.813,88.870,85.385,87.263,76.905,82.214,80.646,91.006,91.802,81.527,89.329,93.449,,80.350,80.250,,85.398
1997-07-01,84.562,77.199,74.986,73.752,78.219,89.675,88.826,89.135,85.608,87.882,77.610,82.795,82.333,91.554,92.320,82.316,90.064,93.521,,81.444,80.855,,85.841
1997-08-01,84.836,78.069,75.727,74.434,78.764,89.971,88.997,89.545,85.748,88.345,78.143,83.199,82.729,91.827,92.739,82.716,89.915,93.202,,81.715,81.405,,86.151
1997-09-01,85.256,78.287,75.951,74.756,78.879,89.929,89.313,89.707,86.262,88.465,78.332,84.002,82.256,92.182,92.881,82.800,90.372,93.367,,82.105,81.568,,86.311
1997-10-01,85.809,78.769,76.469,75.224,79.144,89.978,89.714,89.712,86.523,88.625,78.638,84.412,82.552,92.406,93.097,82.842,89.986,93.110,,82.315,81.833,,86.408
1997-11-01,86.172,78.967,76.774,75.312,79.454,89.751,90.029,89.748,86.945,88.994,78.770,84.844,82.524,92.321,93.007,82.936,90.494,93.498,,82.685,81.982,,86.632
1997-12-01,86.409,79.504,77.572,75.808,79.907,89.710,90.496,90.203,87.093,89.175,78.939,84.812,82.757,92.146,93.042,83.111,90.373,93.767,,83.145,82.308,,86.849
1998-01-01,86.641,80.280,78.233,76.188,80.168,89.503,90.803,90.678,87.405,89.685,79.243,84.978,82.681,92.129,92.940,83.364,90.783,93.603,,83.495,82.701,,87.164
1998-02-01,87.091,81.142,79.035,76.526,80.326,89.329,90.878,90.814,87.603,89.752,79.481,85.407,83.056,92.368,93.300,83.849,90.763,93.572,,84.614,83.129,,87.375
1998-03-01,87.517,82.732,80.445,77.483,80.690,89.419,90.748,90.910,88.199,89.994,80.203,85.670,83.034,92.859,94.484,84.279,91.101,94.069,,85.701,83.871,,87.878
1998-04-01,88.062,83.958,81.881,79.080,81.479,90.053,91.026,91.206,89.034,90.122,81.071,86.378,83.745,93.216,94.584,84.758,91.875,94.952,,86.921,84.695,,88.558
1998-05-01,88.600,85.405,83.133,80.824,82.397,90.784,91.428,91.470,89.860,90.882,82.549,87.254,84.353,93.995,94.504,85.516,92.607,95.610,,88.056,85.770,,89.373
1998-06-01,89.411,86.968,84.567,82.406,83.365,91.755,92.119,91.973,90.491,92.008,84.119,88.023,85.259,94.452,94.322,86.585,93.626,96.143,,89.164,87.027,,90.194
1998-07-01,90.048,88.620,85.808,83.520,84.199,92.285,92.668,92.722,90.761,92.590,85.420,88.786,86.141,94.776,94.581,87.702,93.937,96.440,,90.011,88.141,,90.858
1998-08-01,90.539,89.982,87.050,84.411,85.053,92.760,92.978,92.996,90.988,93.019,86.405,89.387,86.881,95.045,94.685,88.482,94.103,96.814,,90.411,89.015,,91.406
1998-09-01,90.861,90.950,87.816,85.064,85.793,92.790,93.198,93.472,91.276,92.801,87.194,90.009,87.360,95.169,95.137,89.041,94.168,97.030,,90.922,89.577,,91.751
1998-10-01,91.152,91.385,88.086,85.047,86.459,92.879,93.246,93.446,91.951,92.820,87.324,90.420,88.011,95.417,95.137,89.311,94.342,97.294,,91.384,89.803,,91.998
1998-11-01,91.595,91.380,88.277,84.658,86.962,92.977,93.492,93.804,92.548,92.135,87.138,91.021,88.788,95.388,95.458,89.406,94.543,97.410,,91.724,89.759,,92.196
1998-12-01,92.042,91.299,88.330,84.504,87.249,93.206,93.752,93.958,92.951,92.399,87.449,91.614,89.323,95.481,95.460,89.428,94.594,97.875,,91.552,89.818,,92.442
1999-01-01,92.405,91.223,89.183,85.028,87.934,93.468,94.013,94.003,93.290,92.424,88.480,92.258,89.731,95.728,95.916,89.491,94.953,98.192,,91.657,90.057,,92.713
1999-02-01,92.913,91.462,90.047,85.928,88.674,93.408,94.214,94.191,93.639,92.683,89.263,92.689,89.986,96.048,96.383,89.887,94.935,98.594,,91.982,90.485,,92.980
1999-03-01,93.807,92.374,91.322,87.509,90.216,93.894,94.748,94.277,94.343,92.831,90.136,92.816,90.416,97.192,96.329,90.564,95.673,98.195,,93.233,91.312,,93.611
1999-04-01,94.631,93.947,92.273,89.207,91.314,94.984,95.666,95.188,94.985,94.068,91.171,92.950,91.532,98.121,96.586,91.590,96.627,98.738,,94.658,92.549,,94.436
1999-05-01,95.136,95.275,93.113,90.823,92.506,95.810,96.207,96.017,95.913,95.372,92.790,93.816,92.358,98.903,97.272,92.488,97.366,99.378,,95.972,93.692,,95.361
1999-06-01,95.768,96.624,94.654,92.518,93.745,97.094,96.175,96.663,96.659,96.833,94.287,94.826,93.627,99.319,98.070,94.069,97.861,100.080,,97.163,95.095,,96.364
1999-07-01,96.334,97.494,95.707,94.201,94.916,98.147,96.792,97.462,97.316,97.512,96.079,96.224,94.786,99.546,98.584,95.471,98.062,100.346,,97.642,96.279,,97.192
1999-08-01,97.231,98.303,96.880,95.139,96.143,99.145,97.317,97.790,97.616,98.105,97.266,97.015,96.222,99.699,98.527,96.881,98.540,100.646,,98.109,97.310,,97.897
1999-09-01,97.907,98.628,97.767,96.151,97.622,99.578,98.006,98.215,98.011,98.305,98.329,98.029,97.698,99.823,99.029,97.673,98.761,100.706,,98.658,97.985,,98.399
1999-10-01,98.561,98.993,98.545,96.717,98.543,99.527,98.052,98.804,98.594,98.972,99.134,98.479,98.834,99.468,99.336,98.244,99.217,100.910,,99.450,98.480,,98.831
1999-11-01,99.035,99.343,99.186,97.866,99.059,99.389,98.680,98.943,99.115,99.382,99.674,99.104,99.537,99.305,99.782,98.590,99.540,100.337,,99.956,98.939,,99.147
1999-12-01,99.485,99.787,99.472,98.899,99.424,99.734,99.521,99.916,99.757,99.844,100.010,99.644,100.024,99.607,99.688,99.282,99.733,100.290,,99.936,99.515,,99.541
2000-01-01,100.000,100.000,100.000,100.000,100.000,100.000,100.000,100.000,100.000,100.000,100.000,100.000,100.000,100.000,100.000,100.000,100.000,100.000,100.000,100.000,100.000,100.000,100.000
2000-02-01,100.426,100.619,101.075,102.698,100.728,100.531,100.212,100.514,100.803,100.520,100.364,100.440,100.217,100.429,100.329,100.544,99.633,100.519,101.823,100.480,100.812,100.757,100.571
2000-03-01,101.421,102.128,103.259,106.559,101.989,101.703,100.744,100.746,101.181,101.529,101.310,100.650,100.582,100.915,100.901,101.268,100.353,100.907,102.037,102.237,102.240,101.945,101.466
2000-04-01,102.125,103.704,105.416,110.967,103.074,103.345,101.829,102.020,102.503,102.778,103.269,101.003,102.008,102.270,101.201,102.408,101.420,101.992,103.201,103.456,104.005,103.501,102.540
2000-05-01,102.979,104.989,107.152,115.010,105.257,104.907,102.809,103.260,103.383,104.379,105.851,102.093,103.741,102.675,101.933,104.349,102.304,102.290,104.114,104.780,105.975,105.197,103.701
2000-06-01,103.889,106.357,109.640,118.447,107.323,106.291,103.492,104.348,104.583,106.079,108.485,103.194,105.493,103.275,102.444,106.003,102.652,102.697,104.278,105.279,107.829,106.757,104.856
2000-07-01,104.346,107.233,111.205,119.483,108.928,107.716,103.670,105.446,104.810,107.011,110.002,104.398,106.743,102.848,103.143,107.522,102.602,102.979,104.663,105.816,109.021,107.774,105.723
2000-08-01,104.919,108.185,112.838,119.951,109.995,109.104,104.372,105.792,105.095,107.393,111.382,104.700,108.007,103.020,103.727,108.895,102.916,103.298,105.038,105.877,110.071,108.635,106.523
2000-09-01,105.339,108.945,113.663,120.936,111.352,110.176,105.225,106.137,105.080,107.298,112.665,105.316,109.317,102.882,104.505,109.764,103.052,103.311,105.730,106.101,110.904,109.349,107.137
2000-10-01,105.674,109.558,114.221,123.077,112.332,110.498,106.247,106.645,105.558,107.285,114.106,105.576,110.574,102.878,105.161,110.513,103.592,103.334,105.693,106.083,111.751,110.043,107.729
2000-11-01,105.925,110.119,115.485,125.662,113.354,110.987,107.556,108.182,106.045,107.426,115.364,106.576,111.994,102.954,105.340,110.892,103.447,103.214,106.194,106.332,112.596,110.808,108.292
2000-12-01,105.878,110.120,116.318,128.577,114.239,111.964,108.893,110.090,106.347,107.861,116.564,106.900,112.235,102.407,105.359,111.869,103.917,103.839,106.200,106.732,113.555,111.582,108.793
2001-01-01,105.929,110.881,117.541,131.160,114.748,112.731,110.282,110.820,106.626,108.346,117.667,107.179,113.130,102.862,105.226,112.657,103.936,103.915,106.493,106.699,114.575,112.388,109.216
2001-02-01,106.270,111.316,118.458,133.271,115.786,113.986,110.761,111.409,106.896,108.627,118.514,106.984,113.570,103.145,105.389,113.511,103.935,104.011,107.094,106.718,115.450,113.073,109.643
2001-03-01,107.047,112.978,121.187,134.097,116.330,115.397,111.940,111.607,107.244,109.377,119.941,107.277,115.148,103.696,106.209,114.485,104.065,104.317,108.335,107.408,116.688,114.144,110.395
2001-04-01,107.853,114.122,122.929,134.383,117.948,117.897,113.315,113.139,108.079,110.631,121.538,107.603,116.050,103.805,107.403,115.600,104.373,105.137,109.770,108.971,117.935,115.292,111.248
2001-05-01,108.646,115.315,124.298,134.089,119.203,119.299,114.838,113.622,108.744,112.123,123.111,108.302,117.534,104.578,108.562,116.383,105.368,106.113,110.450,109.758,118.939,116.242,112.203
2001-06-01,109.192,116.465,125.282,132.643,120.453,120.927,115.968,115.319,109.774,113.789,125.115,109.065,119.550,104.939,109.764,117.897,106.313,107.132,111.204,110.556,120.027,117.293,113.273
2001-07-01,109.850,117.357,126.336,130.954,121.117,122.308,117.082,116.565,110.244,115.199,126.760,110.083,121.668,105.486,110.930,119.656,107.199,108.027,111.116,110.836,121.006,118.203,114.229
2001-08-01,110.361,118.673,127.193,129.149,121.778,123.610,118.300,118.266,110.708,116.185,128.259,110.912,122.864,105.177,111.736,121.412,107.824,108.826,111.389,111.232,121.993,119.086,114.990
2001-09-01,110.752,119.509,128.193,128.602,122.413,124.495,119.666,118.381,111.090,116.695,129.625,111.529,124.215,105.158,112.543,122.908,107.917,109.000,111.221,111.717,122.888,119.837,115.466
2001-10-01,111.201,120.159,129.141,128.013,122.355,124.867,121.322,119.048,111.241,116.817,130.508,111.658,125.219,104.591,112.733,123.863,107.484,108.931,111.426,111.936,123.457,120.305,115.681
2001-11-01,111.315,120.485,129.711,126.989,121.927,124.933,122.894,119.587,111.165,116.769,130.940,111.469,126.267,104.330,113.303,124.740,106.630,108.401,111.369,111.975,123.779,120.534,115.838
2001-12-01,111.570,120.649,129.313,125.466,121.322,125.653,124.018,120.211,111.006,116.876,130.058,111.520,126.546,104.045,113.321,124.716,106.096,108.120,111.619,111.582,123.643,120.434,116.054
2002-01-01,111.615,121.453,128.793,125.126,121.299,125.987,124.518,120.333,111.181,116.965,129.932,111.310,126.183,104.123,113.704,125.193,106.211,108.130,111.763,111.794,123.926,120.641,116.436
2002-02-01,112.052,122.256,129.819,126.057,121.214,127.186,125.058,120.397,111.670,117.286,129.635,111.530,125.922,104.476,113.958,125.400,106.446,108.526,111.398,112.068,124.450,121.064,116.917
2002-03-01,112.632,124.120,131.757,128.787,122.053,128.467,126.349,122.066,112.016,117.663,131.211,111.534,126.723,105.175,114.316,126.503,106.945,110.176,112.367,112.740,125.923,122.305,117.930
2002-04-01,113.342,126.234,135.040,132.619,122.702,130.775,127.840,123.350,112.391,118.968,133.336,111.565,127.534,105.979,114.719,127.929,107.819,110.649,113.142,113.398,127.951,123.919,119.209
2002-05-01,114.046,128.731,138.144,136.068,123.945,133.400,129.834,124.757,113.010,120.385,136.762,112.226,129.389,106.383,115.631,129.886,108.693,111.611,113.812,114.177,130.335,125.863,120.789
2002-06-01,114.826,131.587,141.414,139.346,124.754,135.665,131.592,125.704,113.747,121.564,139.563,113.325,131.064,106.864,116.699,132.204,109.786,111.875,113.962,114.842,132.760,127.817,122.334
2002-07-01,115.408,133.966,144.152,141.020,125.464,138.477,133.386,127.182,114.313,122.771,141.767,114.444,132.749,106.895,117.611,135.182,110.248,113.063,113.977,115.279,135.044,129.656,123.688
2002-08-01,115.903,136.592,147.250,141.929,125.549,140.678,134.909,128.183,114.678,123.490,143.661,115.037,134.112,107.371,118.336,137.743,110.444,112.945,114.423,115.491,137.041,131.221,124.731
2002-09-01,116.141,138.620,149.542,142.292,125.655,142.387,136.765,128.897,114.761,124.072,145.854,115.484,135.110,107.574,118.907,139.688,110.202,113.031,114.504,115.622,138.623,132.427,125.495
2002-10-01,116.420,140.765,151.869,142.744,125.694,143.303,138.624,129.476,114.857,124.656,147.431,115.499,136.521,107.449,119.984,141.582,110.161,112.856,114.152,115.880,140.123,133.547,126.138
2002-11-01,116.590,142.071,153.580,143.062,125.840,143.771,140.086,130.433,114.910,125.378,148.328,116.123,137.255,107.227,120.934,143.290,109.653,113.093,113.795,115.868,141.259,134.406,126.644
2002-12-01,116.702,143.258,154.430,142.402,125.413,144.955,141.977,132.179,114.907,126.269,147.278,115.924,138.533,107.176,121.732,145.196,109.981,113.510,113.820,116.180,142.185,135.147,127.152
2003-01-01,117.100,144.272,155.403,141.897,124.810,145.186,143.779,133.215,115.120,126.767,146.792,115.518,138.591,107.682,121.940,146.546,110.151,113.691,113.895,115.796,142.858,135.644,127.653
2003-02-01,117.717,145.297,156.168,142.191,124.332,146.006,145.458,134.294,115.234,127.475,147.183,114.676,138.876,107.846,122.457,147.299,110.576,114.181,113.379,116.269,143.587,136.187,128.327
2003-03-01,118.750,147.230,157.751,142.998,124.868,146.745,147.095,134.556,115.844,128.258,148.993,115.297,138.946,107.800,122.937,148.377,110.819,114.836,112.932,117.038,144.842,137.199,129.308
2003-04-01,119.373,149.649,160.226,144.691,125.167,148.924,148.357,136.159,116.058,129.051,150.421,116.339,139.729,107.695,124.464,149.530,111.877,115.858,113.223,118.233,146.446,138.559,130.488
2003-05-01,119.998,152.267,162.552,145.531,125.666,151.533,149.752,137.854,116.880,130.517,152.146,117.439,141.295,107.855,125.679,150.877,113.036,116.942,113.914,119.232,148.165,140.065,131.839
2003-06-01,120.791,154.982,165.258,146.530,125.608,154.000,150.670,138.698,117.351,131.428,153.305,117.768,142.437,108.752,127.377,151.859,114.032,118.282,114.963,120.146,149.702,141.393,133.225
2003-07-01,121.785,158.340,167.983,147.750,126.069,156.470,152.646,139.612,117.793,132.497,154.205,118.194,144.299,109.028,129.304,153.501,114.714,119.215,115.294,120.837,151.654,142.989,134.647
2003-08-01,122.887,161.886,171.274,148.723,126.725,158.701,155.071,140.137,118.167,133.007,154.974,118.356,145.768,109.458,131.849,155.141,115.551,119.948,115.391,121.878,153.606,144.563,135.966
2003-09-01,123.819,165.292,175.030,150.246,126.937,161.006,157.284,142.355,118.534,133.937,156.378,118.877,147.402,109.236,134.164,157.100,116.078,120.493,115.257,122.419,155.768,146.281,137.077
2003-10-01,124.746,168.401,178.699,151.750,127.047,162.651,159.587,143.726,118.398,134.875,157.631,119.522,148.464,110.177,136.768,158.729,116.461,121.030,114.887,123.434,157.712,147.822,137.977
2003-11-01,125.525,171.113,181.792,153.355,127.079,164.141,161.110,145.275,118.447,135.913,158.634,119.813,149.351,110.532,139.159,160.591,116.122,121.665,114.585,123.526,159.548,149.219,138.766
2003-12-01,126.326,173.982,184.112,154.623,126.975,165.790,162.929,145.607,118.311,137.092,158.578,119.823,149.433,110.653,142.688,162.314,116.139,122.096,114.047,124.382,161.270,150.493,139.629
2004-01-01,126.609,177.006,186.331,155.927,127.201,167.786,164.821,147.905,118.673,137.648,158.542,119.575,149.696,109.748,145.955,163.628,115.619,122.062,113.995,124.417,162.902,151.685,140.706
2004-02-01,127.277,180.490,189.893,158.109,127.208,169.506,166.654,149.039,118.652,138.098,159.190,119.296,149.949,109.634,149.933,164.920,115.466,122.412,113.795,125.218,164.817,153.104,142.028
2004-03-01,128.498,186.552,196.404,160.899,127.730,172.296,169.995,151.561,119.058,138.080,161.100,119.911,150.770,110.418,157.871,166.611,115.587,122.747,113.248,126.327,167.910,155.490,144.080
2004-04-01,130.098,193.216,203.635,164.650,128.344,176.620,172.607,152.532,120.104,139.263,164.291,120.486,152.201,111.662,166.319,168.297,117.052,124.971,114.205,128.228,171.581,158.470,146.180
2004-05-01,131.954,199.584,210.941,167.758,129.123,182.195,176.403,154.960,120.882,141.276,166.591,121.319,153.706,112.583,174.977,170.515,117.895,126.557,115.371,130.145,175.434,161.596,148.335
2004-06-01,134.002,206.385,218.176,171.506,130.447,188.016,179.640,157.773,121.490,142.568,168.569,121.633,155.977,113.458,185.552,172.901,118.633,128.192,116.398,131.944,179.448,164.825,150.519
2004-07-01,136.421,211.076,224.222,173.846,131.103,192.080,183.119,160.223,122.235,143.958,169.692,122.012,157.148,113.820,195.029,175.739,119.021,129.529,116.934,133.267,182.688,167.430,152.338
2004-08-01,138.664,213.491,227.669,175.886,131.829,195.391,186.775,163.086,122.858,144.758,170.899,122.257,158.613,113.538,201.706,177.930,119.457,130.890,117.176,134.215,184.955,169.306,153.815
2004-09-01,141.641,215.082,230.644,178.153,131.872,198.236,190.683,165.886,123.368,146.041,172.182,122.763,159.358,113.395,205.490,179.792,119.754,132.472,116.975,135.224,186.912,170.959,155.108
2004-10-01,145.067,215.738,232.276,180.750,132.176,200.787,194.291,168.704,123.267,146.895,173.966,123.027,160.095,113.340,207.074,181.903,119.550,133.668,116.757,136.077,188.647,172.410,156.298
2004-11-01,148.594,216.582,232.626,183.146,132.158,203.308,197.644,171.334,123.272,147.856,174.041,123.253,160.497,113.748,207.476,183.690,119.405,134.547,116.449,137.376,190.076,173.649,157.496
2004-12-01,152.377,217.338,233.081,185.718,132.405,206.056,201.371,174.060,123.527,148.852,173.423,123.210,160.491,114.155,207.617,185.155,119.584,134.964,116.580,138.606,191.419,174.835,158.670
2005-01-01,155.493,219.408,233.776,189.347,132.336,208.633,205.420,177.039,123.835,149.695,173.434,123.058,161.011,114.257,207.350,187.194,120.100,135.457,116.389,140.184,193.350,176.438,160.131
2005-02-01,160.002,222.289,235.643,193.497,132.626,212.241,209.668,180.061,124.206,151.024,174.764,123.186,161.026,114.316,209.309,189.288,120.111,136.352,116.457,141.314,195.875,178.499,161.926
2005-03-01,165.964,226.753,236.558,198.298,132.733,217.859,215.444,183.744,124.703,151.849,176.922,123.463,161.112,114.314,210.981,192.168,119.724,138.301,117.373,143.702,199.211,181.297,164.578
2005-04-01,173.083,231.587,239.585,201.863,133.850,224.089,221.415,187.219,125.922,153.280,179.038,124.326,162.081,114.907,214.516,194.103,120.653,141.136,118.365,146.212,202.512,184.241,167.001
2005-05-01,180.164,236.677,241.998,205.521,134.816,229.865,227.103,191.359,127.123,154.720,181.172,125.317,163.469,116.089,217.278,195.963,121.874,144.362,119.472,148.969,205.760,187.206,169.546
2005-06-01,188.958,241.697,245.348,208.924,135.709,235.378,233.424,196.601,128.532,156.162,181.331,125.474,165.042,117.968,219.866,197.766,122.433,148.369,120.028,151.787,208.859,190.098,172.017
2005-07-01,197.148,246.366,247.330,211.559,136.469,239.499,238.981,201.651,129.033,157.379,181.897,125.767,166.092,119.020,221.927,199.864,122.776,151.821,120.829,154.111,211.647,192.669,174.099
2005-08-01,204.936,251.096,248.455,212.863,137.192,242.062,245.238,207.210,129.510,157.814,181.674,125.648,167.145,119.831,224.515,202.330,123.164,155.039,121.150,156.612,214.135,194.983,175.925
2005-09-01,211.454,255.845,249.026,214.730,137.603,244.105,251.209,213.190,129.492,159.323,182.454,126.028,168.421,119.597,226.589,204.827,123.173,158.218,121.622,158.995,216.770,197.361,177.613
2005-10-01,215.949,260.156,249.787,215.553,137.694,245.440,256.990,219.162,129.633,160.469,182.072,126.278,169.435,120.295,227.809,207.636,123.127,160.437,121.664,161.060,219.074,199.401,178.755
2005-11-01,219.125,262.565,250.344,215.705,137.531,246.697,261.002,223.850,129.834,162.440,181.688,126.684,170.336,120.260,228.768,210.302,122.721,162.491,122.113,162.726,220.809,200.966,179.677
2005-12-01,220.750,264.770,248.552,215.107,137.498,247.368,264.826,226.754,130.210,163.163,179.442,127.048,170.330,120.822,229.415,212.680,122.709,164.001,122.204,164.198,221.906,201.967,180.110
2006-01-01,221.806,265.920,247.459,214.782,137.420,247.699,268.248,228.984,130.586,163.978,178.174,126.663,169.560,119.960,230.485,213.496,122.117,165.330,121.911,165.491,222.461,202.444,180.829
2006-02-01,222.653,267.746,247.889,215.495,137.124,248.386,271.684,230.910,130.613,164.669,176.284,126.389,169.320,120.508,231.936,214.470,121.037,167.032,121.328,167.087,223.378,203.192,181.500
2006-03-01,223.535,268.232,248.092,216.037,136.927,248.864,274.024,233.567,130.615,164.895,177.120,126.122,168.706,121.413,232.381,214.327,120.579,169.868,121.522,169.455,223.751,203.652,182.749
2006-04-01,225.119,270.438,249.354,217.525,137.280,250.175,276.369,235.849,131.505,165.585,177.624,124.295,169.688,123.383,233.782,214.971,120.853,172.595,122.400,172.284,224.989,204.816,183.648
2006-05-01,226.509,272.124,249.143,218.365,138.309,251.067,278.680,237.925,132.722,166.611,178.609,123.777,170.382,124.700,234.388,215.571,121.803,175.195,123.286,174.836,225.994,205.863,184.380
2006-06-01,227.419,273.218,249.595,218.123,139.459,250.988,278.218,237.681,134.008,167.102,177.897,123.119,170.902,126.483,233.753,215.827,122.931,177.719,124.499,177.807,226.289,206.384,184.547
2006-07-01,227.381,273.849,249.053,217.635,140.263,249.919,278.334,238.086,134.904,167.571,177.793,123.244,170.738,127.963,234.293,215.248,123.492,179.663,125.367,179.957,226.168,206.524,184.608
2006-08-01,227.008,273.801,247.296,217.221,140.285,247.943,276.798,236.817,135.274,167.988,177.281,123.000,170.971,128.723,234.781,214.336,123.388,181.021,125.701,181.841,225.541,206.178,184.405
2006-09-01,225.197,273.940,246.597,216.375,139.646,244.781,277.229,236.420,135.104,168.596,176.338,122.538,171.124,129.045,234.706,214.087,122.271,181.707,125.186,183.076,225.097,205.804,184.198
2006-10-01,224.496,273.663,244.034,215.423,138.619,243.734,278.913,234.018,134.732,168.585,175.721,121.786,170.637,128.511,233.804,214.287,121.434,181.624,124.581,183.787,224.742,205.411,184.054
2006-11-01,223.134,273.051,242.109,213.836,137.653,242.279,280.300,232.865,134.176,168.183,172.592,120.935,169.847,128.944,232.563,214.240,120.302,181.337,123.852,183.879,223.940,204.654,183.631
2006-12-01,221.501,270.025,238.079,212.130,137.105,240.451,280.867,230.912,134.010,167.650,170.314,119.506,168.823,128.885,231.574,213.794,119.595,180.273,123.670,183.973,222.389,203.330,183.228
2007-01-01,220.202,268.682,237.146,211.780,135.865,238.853,279.418,228.862,133.445,167.519,168.293,117.961,167.946,129.435,230.524,212.779,118.614,179.795,122.636,183.915,221.315,202.314,182.717
2007-02-01,218.068,266.627,235.529,210.778,134.859,237.975,279.432,228.458,133.304,167.491,168.040,116.850,166.829,129.308,229.643,212.519,117.619,179.898,122.729,184.848,220.464,201.572,182.469
2007-03-01,216.865,264.584,233.272,211.087,134.201,237.142,276.886,226.583,133.220,167.037,168.522,116.442,165.555,130.441,228.551,212.397,117.600,181.715,123.156,186.444,219.672,201.015,182.191
2007-04-01,215.041,263.366,232.658,211.474,134.861,236.172,273.533,224.127,134.274,165.873,169.607,114.378,164.778,131.982,226.653,211.619,117.567,183.552,124.706,188.889,218.944,200.538,182.129
2007-05-01,213.939,263.189,231.781,210.888,136.321,235.413,269.517,221.964,135.034,165.683,170.960,112.161,164.403,133.418,224.793,210.508,118.369,185.212,125.494,190.679,218.336,200.119,181.882
2007-06-01,212.516,262.123,231.359,209.482,138.093,234.017,264.885,219.281,136.110,165.939,171.291,110.719,164.289,135.054,221.861,209.494,118.350,185.763,126.467,191.919,217.372,199.439,181.539
2007-07-01,210.776,260.840,229.662,208.638,139.241,232.167,260.385,217.141,136.473,166.129,171.768,111.864,164.968,135.605,219.915,208.365,118.679,186.508,126.298,192.301,216.300,198.716,180.992
2007-08-01,208.861,258.071,226.727,208.149,139.717,230.207,255.290,212.918,136.435,165.775,170.835,111.588,164.668,135.882,216.825,207.181,118.355,185.996,126.307,192.143,214.633,197.371,180.234
2007-09-01,205.277,254.787,222.818,206.462,138.436,229.247,249.609,210.140,135.551,164.419,170.725,110.830,164.202,135.129,213.466,206.386,117.352,185.669,125.422,191.660,212.726,195.694,179.121
2007-10-01,200.721,249.500,217.021,202.027,136.092,227.565,244.349,206.384,133.857,163.121,169.328,108.153,162.124,133.977,208.677,205.538,115.913,185.102,124.448,189.861,209.761,192.980,177.530
2007-11-01,194.447,240.426,209.604,195.487,133.362,223.848,237.990,203.453,131.345,161.613,167.388,105.240,159.090,132.682,201.952,204.375,113.274,183.646,122.393,187.136,205.259,188.945,175.162
2007-12-01,187.672,233.027,202.450,189.226,130.980,218.355,231.709,200.133,129.609,160.026,164.581,103.303,155.724,131.899,196.051,202.092,112.044,182.474,120.778,184.879,200.669,184.966,173.337
2008-01-01,180.062,224.415,197.447,183.811,128.952,213.204,225.400,194.640,127.763,156.424,162.588,100.167,151.057,131.696,186.045,200.440,108.493,178.807,118.494,181.616,196.070,180.681,171.076
2008-02-01,172.723,214.831,190.340,174.540,127.460,207.945,218.741,188.585,125.983,153.291,160.308,97.609,145.981,131.222,177.181,198.307,106.821,176.240,117.759,179.846,190.601,175.963,169.189
2008-03-01,166.967,207.112,185.417,168.378,127.396,203.389,208.882,182.256,124.457,150.334,158.520,95.571,142.289,131.524,169.309,196.523,106.424,174.391,119.006,178.292,186.118,172.198,167.900
2008-04-01,161.327,202.445,180.561,164.629,128.487,201.315,200.420,178.498,123.622,150.427,158.678,93.760,139.397,131.806,165.709,194.723,109.546,174.874,120.443,179.567,183.355,169.981,167.317
2008-05-01,157.320,198.536,178.028,162.695,129.733,199.268,193.188,177.137,124.294,149.936,160.338,92.755,140.232,133.158,161.101,194.229,108.884,175.529,121.603,178.673,181.562,168.598,167.014
2008-06-01,153.187,195.704,175.367,159.827,131.658,197.601,189.867,175.108,124.614,150.108,162.293,92.682,141.526,133.454,158.797,194.744,109.679,175.032,122.495,178.278,180.515,167.775,166.533
2008-07-01,149.094,192.552,172.202,156.877,132.666,195.438,186.844,175.075,124.736,149.550,162.561,93.207,143.450,133.204,154.638,193.699,109.374,174.213,123.211,176.515,178.668,166.359,165.711
2008-08-01,144.832,189.176,168.227,151.417,132.630,194.141,183.479,174.295,124.324,149.462,162.734,92.438,142.171,132.100,150.933,193.476,110.537,171.928,123.037,175.235,176.711,164.645,164.276
2008-09-01,139.794,184.539,164.120,145.534,130.948,190.005,178.718,171.245,122.708,147.834,160.983,90.166,140.745,130.398,146.861,191.656,109.873,169.666,122.064,172.816,173.354,161.638,161.911
2008-10-01,135.185,179.822,159.125,139.436,129.037,184.834,173.418,165.442,119.788,145.483,159.167,86.099,135.973,128.020,142.737,189.657,108.759,166.439,120.587,170.449,169.672,158.087,159.161
2008-11-01,130.540,175.854,155.472,135.280,127.656,180.269,169.615,160.855,116.458,141.393,155.028,83.424,132.908,125.608,138.040,186.517,107.428,162.616,118.254,166.233,165.947,154.500,156.070
2008-12-01,123.931,171.395,152.163,130.124,125.742,175.556,165.014,156.025,113.004,137.159,153.055,80.895,126.279,122.374,131.397,183.455,105.210,158.503,115.439,160.195,162.087,150.536,152.544
2009-01-01,117.134,166.547,148.261,124.396,122.327,171.979,158.974,149.261,109.441,130.848,150.731,77.468,120.420,120.995,125.678,180.929,102.892,153.797,112.605,154.381,157.960,146.342,149.361
2009-02-01,111.951,163.166,146.833,120.352,120.207,168.051,154.235,145.332,106.652,126.379,148.769,74.512,116.427,119.036,121.109,177.840,97.755,150.884,112.258,152.132,154.613,143.113,147.617
2009-03-01,106.921,160.885,144.579,117.710,120.374,165.936,148.750,141.477,105.068,122.504,145.828,70.939,109.585,119.393,116.525,173.604,96.864,147.680,112.361,149.047,151.477,140.061,146.513
2009-04-01,104.452,159.374,144.430,118.459,122.150,167.304,145.776,140.406,105.415,122.367,146.447,69.917,108.623,118.691,112.401,170.691,98.067,146.851,114.297,149.377,150.441,139.257,146.940
2009-05-01,103.557,159.176,145.064,120.160,123.778,169.485,144.594,140.346,105.980,123.730,148.769,70.055,109.868,119.798,109.497,171.172,102.113,146.974,116.503,148.957,151.189,139.984,148.167
2009-06-01,104.734,160.901,147.305,124.697,126.918,173.211,145.376,140.899,107.621,124.988,152.711,69.485,113.757,120.539,107.305,172.337,106.375,148.465,119.729,149.529,153.349,141.973,149.794
2009-07-01,106.661,163.971,150.995,128.857,128.789,176.453,147.271,142.836,110.087,128.321,154.529,70.237,119.365,121.231,106.075,173.914,107.930,150.059,121.263,149.442,155.950,144.324,150.747
2009-08-01,108.411,166.621,153.343,132.472,130.070,179.571,148.915,143.429,111.270,130.549,155.945,71.591,122.977,120.716,105.785,175.131,107.416,150.455,121.499,149.541,158.070,146.113,150.668
2009-09-01,109.264,168.033,154.757,134.155,129.443,180.707,149.685,142.575,111.265,132.126,155.625,72.808,125.245,119.841,104.822,174.807,105.753,149.723,120.627,148.935,158.767,146.630,149.628
2009-10-01,110.709,168.434,155.369,135.806,128.903,180.076,149.089,140.273,110.122,130.750,154.706,72.876,124.802,119.050,104.705,174.416,104.968,149.885,119.910,149.256,158.682,146.487,148.585
2009-11-01,111.963,169.719,156.062,136.634,128.288,179.171,149.081,139.656,109.286,129.361,153.985,72.410,124.311,118.658,104.219,172.653,104.748,150.376,119.957,148.565,158.328,146.169,147.940
2009-12-01,112.477,171.385,156.287,136.398,127.197,178.797,148.657,138.846,108.618,127.256,153.779,72.557,123.642,117.790,104.379,171.852,103.863,149.953,118.833,147.544,158.158,145.894,146.667
2010-01-01,111.765,172.965,156.951,135.629,125.587,177.396,148.321,138.185,107.042,125.115,153.008,71.836,122.555,117.159,103.823,171.387,103.289,147.293,117.294,145.092,157.872,145.307,145.003
2010-02-01,110.112,171.805,157.924,134.669,124.542,176.573,147.516,136.535,105.655,122.566,151.420,70.547,119.846,115.983,103.395,170.557,101.531,143.694,115.266,143.563,156.848,144.057,143.055
2010-03-01,109.520,170.610,160.217,136.741,125.307,175.412,146.146,136.459,103.731,119.712,151.390,67.685,117.236,114.766,102.582,169.262,103.318,143.611,115.824,143.716,156.211,143.339,143.595
2010-04-01,110.060,171.778,161.386,139.765,127.502,179.507,145.041,137.087,105.689,120.432,153.559,67.813,119.353,116.048,102.824,168.887,104.773,146.249,118.177,145.139,157.355,144.563,145.398
2010-05-01,111.000,174.674,163.109,142.163,128.241,182.576,146.330,138.295,107.861,121.903,155.947,68.343,122.704,116.392,102.346,170.471,105.848,147.979,119.916,146.818,159.407,146.465,147.031
2010-06-01,110.981,175.658,163.822,142.549,129.198,185.739,146.917,138.581,109.724,124.898,157.833,70.044,125.923,117.242,101.768,172.845,107.262,148.731,121.041,146.831,161.060,147.986,147.698
2010-07-01,110.302,176.271,165.025,143.225,128.718,187.153,147.885,138.243,110.018,126.166,158.832,71.166,126.791,117.032,100.915,175.020,107.310,148.334,120.755,147.043,162.242,148.881,147.560
2010-08-01,108.842,175.552,163.992,142.831,128.571,187.047,147.472,137.531,108.951,126.701,158.354,71.503,126.372,116.569,101.028,175.184,106.997,147.023,119.359,145.934,162.008,148.489,146.426
2010-09-01,107.159,175.362,162.434,141.538,127.328,186.251,145.636,136.497,106.393,124.759,156.274,70.585,123.750,115.396,101.180,174.429,103.782,144.295,117.445,145.066,161.002,147.257,144.607
2010-10-01,105.974,174.045,159.989,138.842,126.577,184.962,144.029,134.922,103.299,122.278,154.342,69.237,121.498,114.115,100.972,171.503,102.131,142.157,116.112,143.135,158.898,145.236,143.125
2010-11-01,104.849,173.282,160.076,137.276,125.020,183.806,143.807,133.489,100.802,119.570,152.763,68.101,119.183,113.451,100.591,169.532,100.035,139.922,114.882,141.572,157.497,143.769,141.813
2010-12-01,103.104,170.993,158.969,136.020,124.098,182.904,143.109,130.654,100.060,117.862,152.518,68.070,117.389,112.412,99.477,167.923,100.205,138.225,114.667,138.698,156.038,142.392,140.622
2011-01-01,101.538,169.881,157.034,133.369,122.726,181.348,141.301,129.034,100.335,115.784,152.183,67.633,113.460,111.319,99.235,165.921,99.129,135.798,114.043,135.410,154.363,140.776,139.029
2011-02-01,100.813,168.232,155.052,129.959,121.261,179.965,138.435,127.617,100.679,113.256,149.833,67.579,109.741,110.113,98.283,164.452,98.521,133.658,113.784,132.852,152.384,139.055,137.724
2011-03-01,100.271,167.748,153.881,129.829,120.555,177.516,137.277,126.704,100.325,110.570,147.333,65.184,105.769,108.920,97.176,162.336,97.023,132.666,112.758,132.975,150.912,137.640,137.779
2011-04-01,100.361,168.180,154.500,132.019,122.321,178.485,136.994,126.426,101.813,110.122,147.062,64.471,105.901,110.353,96.469,163.917,98.101,132.844,113.280,135.137,151.781,138.430,139.153
2011-05-01,100.400,169.072,154.779,134.422,123.944,180.565,138.602,127.063,102.803,112.009,150.894,65.699,108.510,111.846,95.597,165.092,99.101,134.504,114.276,136.556,153.329,139.879,140.689
2011-06-01,100.686,169.659,155.064,134.901,125.974,182.670,139.457,128.516,104.321,115.606,154.461,69.475,112.435,113.555,95.671,166.818,100.650,134.516,115.901,137.462,154.865,141.504,141.942
2011-07-01,100.540,170.049,155.221,135.278,125.975,185.287,141.148,129.482,104.549,117.779,155.748,72.627,115.755,113.561,95.476,169.538,101.644,135.798,116.921,137.566,156.318,142.889,142.340
2011-08-01,100.427,169.378,154.913,135.198,126.477,185.972,140.753,129.489,102.037,119.403,155.583,73.603,116.023,113.406,95.184,170.203,101.962,135.908,117.112,137.092,156.509,142.972,141.782
2011-09-01,100.224,168.004,153.721,133.217,125.573,186.325,139.832,127.348,95.989,118.474,154.385,74.160,115.837,112.848,93.795,169.958,100.666,136.099,116.442,135.588,155.609,141.967,140.161
2011-10-01,100.537,165.507,152.861,132.336,125.383,182.904,138.200,126.656,91.212,116.391,152.701,72.803,114.444,111.685,92.363,167.335,99.679,135.440,115.422,134.222,153.526,140.051,138.399
2011-11-01,101.120,163.928,151.448,129.781,124.789,181.112,137.470,125.280,88.924,112.443,150.331,71.805,113.776,110.155,91.412,164.865,98.926,133.265,113.996,132.650,151.400,138.184,136.652
2011-12-01,101.911,162.114,150.419,128.724,123.622,178.378,137.742,125.075,87.301,110.163,148.535,70.464,112.360,109.064,90.697,162.405,97.750,132.765,113.181,130.986,149.576,136.595,135.155
2012-01-01,102.839,160.761,148.738,125.470,122.922,176.931,138.635,124.138,85.442,107.987,147.874,70.277,111.468,108.389,90.238,160.630,95.521,129.962,112.630,130.032,147.986,135.209,134.156
2012-02-01,104.118,159.525,149.073,124.636,121.809,174.560,139.532,123.913,83.271,105.259,146.256,69.948,110.586,108.549,89.878,158.871,94.217,129.596,112.721,128.987,146.617,134.078,133.987
2012-03-01,106.380,159.722,149.681,125.937,123.657,176.133,140.758,125.117,82.538,102.746,145.946,68.126,109.504,110.086,89.867,157.398,94.658,129.006,114.476,131.225,146.450,134.069,135.855
2012-04-01,109.010,162.164,151.751,130.228,125.807,180.990,141.331,127.647,84.480,103.976,147.159,67.866,110.447,111.655,90.838,157.952,97.044,131.624,116.421,133.835,148.439,135.980,138.461
2012-05-01,111.919,165.758,153.056,135.280,128.484,185.899,143.345,130.336,87.868,108.625,150.630,71.202,113.531,112.898,92.550,160.176,99.681,135.087,118.600,137.370,151.755,139.199,141.037
2012-06-01,114.682,168.566,154.759,139.015,131.062,189.278,145.624,132.952,91.749,113.555,154.401,75.084,118.846,114.489,93.940,163.269,101.904,138.506,120.137,139.894,154.937,142.358,143.158
2012-07-01,117.219,170.790,156.475,141.711,132.787,191.463,148.699,134.315,94.150,116.615,157.181,77.651,123.233,115.493,94.572,165.170,102.331,140.116,121.214,141.778,157.212,144.581,144.272
2012-08-01,119.276,173.006,157.842,142.370,133.479,192.382,150.118,134.896,95.801,117.447,158.259,79.483,124.602,116.593,96.035,166.409,103.125,140.800,121.378,141.692,158.517,145.816,144.695
2012-09-01,120.649,174.786,160.091,143.155,134.007,191.837,150.242,134.709,96.060,116.689,157.250,80.113,125.724,115.868,97.382,166.302,102.093,141.100,121.562,142.093,158.941,146.227,144.348
2012-10-01,122.390,175.854,162.097,144.154,134.026,190.248,149.971,134.051,95.600,114.884,155.114,80.819,124.944,115.398,100.139,165.156,101.608,142.439,120.739,141.822,158.667,146.036,143.958
2012-11-01,124.156,176.576,163.614,146.229,134.497,188.927,151.132,133.741,95.680,113.358,153.708,80.749,125.874,114.846,100.565,162.883,100.881,142.134,120.596,142.534,158.268,145.821,143.951
2012-12-01,125.327,178.588,164.308,147.239,134.144,188.732,152.365,134.022,95.946,112.608,153.807,81.141,125.958,115.054,102.413,161.959,100.715,141.295,120.506,141.753,158.601,146.078,143.858
2013-01-01,126.693,180.230,163.283,147.445,134.166,187.444,153.510,135.552,96.977,111.651,153.795,81.264,125.495,115.530,104.036,161.231,100.002,140.737,120.528,141.296,158.612,146.148,144.302
2013-02-01,128.100,182.041,164.251,148.226,133.900,186.563,153.969,136.327,97.008,110.698,153.896,80.885,124.540,115.825,105.464,161.464,99.438,141.761,120.719,140.974,159.091,146.508,145.152
2013-03-01,130.286,186.303,167.842,153.961,135.793,189.671,155.889,139.784,98.248,110.726,155.715,81.228,123.202,118.343,108.361,160.253,100.033,145.525,122.309,145.196,161.126,148.443,147.952
2013-04-01,132.465,192.559,174.081,161.461,138.276,194.160,159.652,142.101,102.007,113.833,159.127,82.659,126.806,120.303,111.055,161.974,102.107,148.621,125.052,149.050,165.348,152.245,150.960
2013-05-01,134.965,197.537,179.564,168.408,140.979,198.042,163.735,144.614,105.513,117.916,161.939,85.860,129.535,121.794,114.088,164.641,103.681,151.906,127.609,153.744,169.475,156.057,153.850
2013-06-01,137.356,202.076,184.573,173.012,143.374,200.090,167.098,147.835,109.148,121.743,164.746,88.383,132.454,123.292,117.285,167.957,105.761,154.800,129.789,156.463,173.170,159.456,156.417
2013-07-01,139.365,206.335,188.329,176.871,145.631,202.974,169.075,151.166,111.543,125.695,167.024,90.728,134.827,123.854,120.579,170.466,106.329,157.255,131.482,159.498,176.391,162.382,158.275
2013-08-01,141.470,210.486,191.775,178.533,146.951,204.443,170.407,153.932,113.472,127.698,168.261,92.557,137.167,125.075,124.088,172.292,106.654,159.133,132.304,160.363,178.706,164.487,159.382
2013-09-01,143.136,212.831,193.514,179.912,147.303,205.250,171.696,154.235,113.987,128.034,169.020,93.886,138.316,124.791,125.740,173.228,106.756,160.177,132.587,160.868,179.966,165.604,159.663
2013-10-01,144.494,214.647,194.066,179.552,146.738,204.378,173.633,154.395,113.722,127.423,168.423,94.772,139.112,125.171,127.234,173.293,105.803,160.464,132.464,160.388,180.287,165.898,159.550
2013-11-01,144.855,214.790,194.152,180.193,146.444,203.713,176.023,154.698,113.368,125.874,168.775,94.717,139.068,124.172,128.002,172.719,105.743,159.918,132.583,160.169,180.197,165.804,159.361
2013-12-01,144.475,214.836,193.868,180.548,146.259,204.061,177.570,155.227,113.348,125.291,168.651,94.596,138.142,124.067,128.529,171.961,104.204,159.842,132.837,159.316,180.072,165.627,159.278
2014-01-01,144.178,214.232,194.942,181.521,146.214,203.316,178.848,155.791,113.235,123.735,167.820,93.921,137.225,123.887,129.931,171.967,104.020,159.311,132.671,158.090,179.944,165.402,159.364
2014-02-01,144.098,215.250,196.965,181.911,146.128,203.454,178.573,154.633,112.604,122.612,166.976,93.418,135.960,123.554,129.852,171.293,102.383,160.609,133.000,159.046,179.963,165.354,159.865
2014-03-01,144.722,217.607,199.409,186.691,148.218,205.531,180.998,154.795,113.762,123.648,168.420,93.749,137.232,124.169,131.327,170.613,103.954,162.653,134.550,162.050,181.429,166.797,161.179
2014-04-01,145.379,219.541,200.805,191.198,150.596,207.556,183.011,156.548,115.880,126.070,173.532,94.808,138.371,125.503,131.910,170.802,105.001,165.252,136.730,165.719,183.344,168.721,162.955
2014-05-01,145.966,221.752,202.006,194.731,152.586,209.322,185.210,159.272,117.218,127.950,175.353,96.129,140.237,127.192,133.332,172.293,106.145,167.102,138.550,168.101,185.315,170.604,164.667
2014-06-01,146.837,223.396,203.078,195.914,154.393,210.297,186.225,161.162,118.416,129.924,176.229,97.305,141.235,127.683,135.021,175.076,106.560,168.948,140.153,169.937,187.184,172.296,166.196
2014-07-01,147.253,224.563,203.631,195.494,155.359,210.487,187.639,162.005,118.955,130.976,176.382,98.124,142.103,128.203,135.897,177.020,107.129,170.057,141.221,170.874,188.277,173.293,167.120
2014-08-01,147.579,224.431,203.312,194.579,156.147,210.219,188.105,162.283,119.381,131.620,176.585,98.723,142.540,128.195,136.641,177.877,107.363,170.567,142.036,170.853,188.570,173.622,167.436
2014-09-01,147.419,224.468,203.177,194.658,156.417,209.145,189.342,162.537,119.035,130.949,176.399,98.357,142.399,128.780,137.068,177.431,107.322,170.762,142.403,170.309,188.343,173.439,167.227
2014-10-01,147.558,225.108,203.013,196.335,157.162,208.332,190.091,163.704,118.805,129.604,175.601,98.242,141.882,128.633,137.134,176.406,106.615,170.320,142.620,170.224,188.067,173.224,166.896
2014-11-01,147.755,225.772,203.922,196.671,157.324,207.146,191.260,165.018,118.950,127.886,175.273,97.297,140.915,128.263,137.553,174.781,106.355,170.469,142.781,169.664,187.502,172.791,166.645
2014-12-01,147.901,226.569,203.376,197.482,158.181,206.739,192.371,165.065,119.105,126.790,174.967,96.912,140.368,128.405,137.308,174.709,105.754,170.687,142.846,169.750,187.575,172.826,166.446
2015-01-01,147.846,225.919,204.657,195.728,158.501,205.251,193.668,164.684,118.793,126.578,175.751,96.697,139.840,129.062,137.539,174.772,105.605,170.731,143.448,168.833,187.378,172.641,166.232
2015-02-01,148.267,227.566,205.933,200.183,160.736,205.691,194.806,165.005,118.884,126.422,175.375,97.093,139.915,130.276,137.276,174.802,104.356,171.896,144.429,170.281,188.283,173.431,166.610
2015-03-01,149.231,229.657,208.512,206.278,162.976,206.851,196.653,167.145,119.988,127.578,176.151,97.900,141.121,131.231,138.746,174.356,105.091,173.880,147.167,174.124,189.706,174.979,168.069
2015-04-01,150.458,232.563,209.759,210.861,166.065,209.574,198.402,168.077,121.534,128.922,176.519,99.443,142.694,132.457,140.093,175.621,106.195,176.886,148.803,178.040,191.758,176.988,169.954
2015-05-01,151.514,235.292,211.550,213.666,167.871,210.947,199.925,169.321,123.239,130.419,179.255,100.991,144.374,133.401,142.120,177.230,107.955,179.423,150.269,180.544,193.773,178.912,171.836
2015-06-01,152.881,237.087,212.087,214.611,170.087,212.484,200.567,169.799,124.809,131.811,181.864,102.659,146.028,134.244,143.142,179.431,109.371,182.178,151.670,182.428,195.517,180.610,173.433
2015-07-01,153.954,238.062,214.592,215.469,171.295,212.981,201.224,171.159,125.852,132.709,183.849,103.306,147.065,134.432,144.407,180.761,110.080,184.583,153.563,183.199,196.703,181.787,174.476
2015-08-01,154.821,238.223,215.351,215.124,172.776,212.805,201.954,172.090,126.179,132.841,184.531,103.729,147.420,134.365,144.884,181.609,109.746,186.510,154.673,183.834,197.165,182.306,174.915
2015-09-01,155.097,238.593,216.488,216.261,173.479,211.807,203.754,172.919,126.294,132.175,184.395,103.528,147.580,134.161,144.968,181.506,109.317,187.978,155.263,184.258,197.315,182.503,175.019
2015-10-01,155.893,238.873,215.624,217.756,174.208,210.679,205.061,174.036,126.010,131.109,184.096,103.198,147.377,134.429,144.831,180.990,108.630,188.846,155.794,185.165,197.153,182.480,175.024
2015-11-01,156.340,239.376,216.340,218.350,174.432,210.390,206.610,174.938,125.725,130.263,183.196,103.238,147.375,134.914,144.716,180.421,108.759,189.407,156.106,185.962,197.060,182.509,175.113
2015-12-01,157.119,240.165,217.659,217.914,174.325,209.641,205.984,176.403,125.599,129.652,182.770,103.381,146.862,135.370,145.337,179.756,108.651,190.110,156.439,186.266,196.819,182.433,175.087
2016-01-01,156.709,241.177,218.745,216.488,174.715,208.878,206.683,176.844,125.681,129.017,182.095,103.181,146.082,135.291,145.685,179.406,108.809,190.934,156.629,186.488,196.689,182.353,175.011
2016-02-01,157.143,242.800,218.972,218.777,176.386,208.123,206.731,177.899,126.360,128.640,181.895,103.165,145.398,135.745,146.156,178.970,107.913,192.345,157.462,188.529,197.010,182.774,175.260
2016-03-01,157.543,244.366,221.291,223.873,179.210,209.353,208.765,179.472,127.736,130.313,184.055,103.729,146.679,136.777,147.062,179.467,108.119,195.209,159.719,193.020,198.719,184.511,176.582
2016-04-01,158.650,246.235,222.960,227.336,181.805,212.717,210.951,180.863,129.375,132.519,186.677,105.019,149.485,138.801,148.521,180.530,109.075,198.632,161.710,197.007,200.773,186.601,178.477
2016-05-01,159.519,247.987,225.042,227.490,183.818,214.744,212.949,182.288,130.945,134.628,189.221,106.325,151.715,139.923,150.318,181.405,110.603,201.852,163.817,199.818,202.305,188.255,180.325
2016-06-01,160.651,249.564,225.971,228.458,185.779,215.887,214.493,183.021,131.926,135.828,190.284,107.886,153.354,141.016,151.393,183.296,112.092,205.015,165.215,202.546,203.816,189.806,181.898
2016-07-01,161.908,251.058,227.388,228.519,187.410,216.028,215.356,184.036,132.396,136.702,191.384,109.146,154.294,141.357,152.287,184.699,112.577,207.284,166.337,203.704,204.920,190.889,183.001
2016-08-01,162.799,251.794,227.770,229.441,188.020,215.952,216.200,184.991,132.732,136.543,191.937,109.856,154.981,141.832,152.259,185.573,112.716,208.230,167.134,204.555,205.507,191.509,183.639
2016-09-01,163.264,252.415,228.007,228.544,188.628,215.496,217.225,185.877,132.899,136.103,192.172,110.030,155.335,142.095,153.090,185.453,112.409,208.393,167.732,204.546,205.539,191.620,183.925
2016-10-01,163.840,252.095,228.212,229.980,188.643,215.156,218.212,187.612,133.301,134.859,192.255,110.034,155.338,142.357,152.891,184.865,112.993,208.216,168.435,204.806,205.321,191.607,183.994
2016-11-01,164.318,252.413,228.842,230.197,189.658,214.870,219.224,189.092,133.199,134.658,193.142,109.917,155.207,142.759,153.332,185.191,113.086,208.523,168.739,205.126,205.649,191.906,184.203
2016-12-01,164.571,253.028,229.303,231.139,189.854,215.365,220.001,191.188,133.295,135.041,194.064,109.656,154.808,142.827,153.706,185.260,113.359,209.097,169.049,206.284,206.099,192.329,184.375
2017-01-01,164.725,253.994,231.021,230.205,190.723,215.210,220.454,191.294,132.842,135.201,194.804,109.185,154.029,143.314,154.752,186.237,113.318,209.349,169.461,207.500,206.713,192.773,184.629
2017-02-01,165.314,254.785,233.183,232.729,191.742,215.912,220.546,191.124,133.411,135.027,195.503,109.569,154.568,143.893,155.338,185.979,113.091,210.951,171.303,211.318,207.252,193.517,184.997
2017-03-01,166.222,257.319,235.358,235.144,194.107,217.001,221.068,191.544,134.886,136.239,197.927,111.240,156.774,145.643,156.601,187.317,113.019,213.049,173.447,216.813,208.998,195.379,186.506
2017-04-01,167.620,259.035,237.458,238.369,196.510,219.165,222.231,192.951,136.837,137.626,199.191,113.212,158.895,146.920,158.596,188.325,113.578,217.000,175.294,222.484,210.654,197.288,188.520
2017-05-01,168.647,261.713,239.863,240.889,198.293,220.733,224.000,195.097,138.087,138.996,200.583,114.464,160.746,148.158,160.774,189.219,114.950,219.663,176.534,226.425,212.361,199.041,190.516
2017-06-01,169.894,263.348,241.978,242.525,199.869,222.111,225.076,195.728,138.949,140.081,202.127,116.298,162.382,149.247,162.399,190.270,116.051,221.532,177.858,229.644,213.744,200.491,192.241
2017-07-01,170.819,266.238,243.514,243.794,200.989,222.666,226.340,196.965,139.503,140.913,204.393,117.027,163.562,149.639,163.664,191.826,116.888,222.831,178.509,231.149,215.374,201.897,193.485
2017-08-01,172.108,266.853,245.521,243.448,201.617,222.349,226.660,197.573,139.891,141.179,205.157,117.696,163.930,150.410,165.279,193.315,117.630,223.182,179.032,231.566,216.150,202.617,194.318
2017-09-01,173.130,267.839,246.531,244.893,201.970,221.631,227.913,199.248,140.254,140.891,206.002,117.542,163.859,150.718,166.886,194.691,118.431,223.566,179.733,230.932,217.012,203.317,194.787
2017-10-01,173.550,268.278,246.447,247.729,202.143,221.596,227.831,200.403,140.084,139.956,205.431,117.794,163.661,151.481,168.386,195.381,118.147,222.913,180.427,230.765,217.436,203.655,195.051
2017-11-01,173.432,270.011,245.681,251.252,202.823,221.887,228.185,202.457,140.160,139.235,205.086,117.429,163.568,151.045,169.558,195.540,117.474,222.877,180.642,231.189,218.056,204.103,195.415
2017-12-01,173.713,271.580,246.256,252.628,203.961,221.349,227.867,203.099,140.512,138.452,204.718,117.301,163.024,151.297,170.813,195.553,117.055,223.177,180.787,232.508,218.376,204.409,195.811
2018-01-01,174.206,272.858,248.079,253.590,205.286,220.283,229.227,204.025,141.429,138.513,205.210,117.405,163.059,151.864,171.625,196.013,117.264,224.111,181.234,234.137,219.018,205.066,196.082
2018-02-01,175.738,275.511,250.925,256.156,207.843,221.097,230.525,204.703,142.076,138.610,206.916,118.636,163.597,153.024,173.343,196.727,117.935,224.996,182.286,238.220,220.494,206.518,196.874
2018-03-01,177.452,277.942,253.363,261.552,210.785,223.501,232.098,205.887,143.212,140.018,209.043,119.824,166.350,154.491,175.858,197.014,118.145,227.283,183.588,244.927,222.397,208.522,198.540
2018-04-01,179.002,280.331,255.590,264.190,213.341,225.987,233.224,206.817,144.360,141.431,212.644,121.576,169.249,155.730,178.710,196.763,118.995,229.752,185.273,251.492,223.947,210.329,200.579
2018-05-01,180.756,281.288,256.967,267.029,215.105,227.230,235.086,207.865,145.853,142.779,214.284,122.439,171.002,156.798,181.032,197.239,120.578,232.488,186.423,257.091,225.199,211.845,202.415
2018-06-01,182.150,282.702,258.440,268.305,216.394,228.299,236.670,209.132,146.753,143.702,215.891,123.648,172.536,157.655,183.491,197.999,121.827,234.174,187.159,258.922,226.381,213.056,204.008
2018-07-01,183.480,282.915,258.491,269.850,217.088,228.576,237.695,210.359,147.494,144.204,216.152,124.084,173.259,157.931,186.010,198.695,123.484,235.336,187.500,257.709,227.020,213.666,204.917
2018-08-01,184.178,283.099,257.323,268.882,217.060,228.388,237.943,211.451,147.834,144.788,216.225,124.730,173.790,158.216,188.139,199.455,124.083,235.096,187.433,253.643,227.263,213.764,205.295
2018-09-01,185.462,282.529,256.083,268.972,216.765,227.784,238.269,212.616,148.150,144.864,216.272,124.793,173.571,158.530,189.317,200.273,124.334,234.917,187.429,250.248,227.359,213.764,205.342
2018-10-01,186.759,282.661,255.255,267.043,216.148,227.760,238.544,213.164,148.414,144.400,216.294,124.559,173.219,158.940,189.969,200.959,123.616,233.647,187.491,247.628,227.333,213.647,205.339
2018-11-01,187.354,281.500,253.362,265.176,215.462,227.680,239.403,213.907,148.688,143.480,216.422,123.981,172.853,159.227,189.956,201.096,122.741,232.605,187.889,245.822,226.830,213.225,205.077
2018-12-01,187.419,281.603,251.687,261.239,215.124,227.301,239.586,213.724,148.758,142.426,215.252,123.397,172.025,159.129,190.224,201.183,122.392,231.927,187.979,244.290,226.202,212.669,204.667
2019-01-01,187.212,280.265,251.290,257.840,215.636,226.918,240.319,214.297,148.398,141.573,214.353,123.137,171.460,159.516,189.718,201.100,121.614,231.405,188.200,243.629,225.475,212.094,204.169
2019-02-01,187.498,280.228,253.764,259.369,217.628,227.594,240.542,215.695,148.923,141.522,213.453,123.224,170.787,159.340,190.086,200.760,121.454,231.469,188.535,244.963,225.713,212.374,204.394
2019-03-01,188.298,281.669,256.374,264.527,219.800,229.767,242.050,216.736,149.989,142.299,216.972,123.692,172.612,160.569,190.293,200.285,122.347,233.067,189.081,249.028,227.111,213.787,205.740
2019-04-01,189.719,284.214,257.573,268.769,221.531,232.122,242.466,218.255,151.540,143.973,220.861,125.720,174.183,162.176,191.405,200.282,123.244,235.664,190.318,251.692,228.785,215.495,207.652
2019-05-01,191.078,286.471,259.992,269.585,222.755,233.731,242.969,218.511,152.506,145.046,221.813,127.242,177.107,163.663,192.589,200.531,124.926,238.078,191.299,254.118,229.888,216.767,209.314
2019-06-01,192.633,286.682,261.834,270.170,223.676,234.917,243.288,218.973,153.304,146.208,223.975,128.902,179.006,164.617,193.530,200.569,126.056,239.610,192.131,255.519,230.546,217.615,210.549
2019-07-01,193.999,285.925,263.539,270.051,223.723,234.629,244.125,219.821,153.422,146.610,224.358,129.338,180.236,165.054,194.689,200.809,127.374,241.172,192.556,256.061,230.683,217.945,211.300
2019-08-01,195.751,285.869,262.983,268.733,223.344,234.428,244.957,220.595,153.743,146.720,224.625,129.316,180.531,165.369,194.346,201.275,127.734,241.114,192.662,255.349,230.712,218.049,211.659
2019-09-01,196.624,287.138,263.099,267.049,223.229,233.820,245.737,222.117,154.018,145.480,223.779,129.140,180.836,165.870,194.662,201.968,128.371,241.232,193.063,254.589,230.797,218.195,211.837
2019-10-01,197.665,288.264,262.447,265.971,223.208,234.351,246.500,223.516,154.682,144.740,223.763,128.258,180.678,166.553,194.293,202.856,127.698,240.092,192.920,253.780,231.135,218.417,211.931
2019-11-01,198.324,289.135,263.269,266.557,223.301,234.685,246.943,224.602,155.014,143.676,224.809,127.698,179.589,167.385,195.006,202.815,127.605,240.268,193.232,253.779,231.389,218.631,212.070
2019-12-01,199.527,288.933,263.311,266.699,223.071,234.855,247.118,224.909,154.847,143.399,224.767,127.497,178.649,167.402,195.171,203.209,126.686,240.588,192.842,254.256,231.471,218.676,212.201
2020-01-01,200.143,289.725,264.200,265.703,223.747,235.040,247.301,224.880,155.112,142.198,223.930,127.304,177.782,167.268,195.878,203.058,126.699,241.602,193.083,256.221,231.384,218.736,212.361
2020-02-01,201.530,290.647,265.617,268.864,225.155,236.022,248.616,226.279,155.842,142.559,223.820,127.741,179.766,167.744,196.882,203.859,127.018,242.974,193.325,259.905,232.426,219.853,213.180
2020-03-01,203.667,293.694,269.417,274.481,228.101,238.722,250.444,228.760,156.983,144.503,227.372,128.741,181.921,169.279,198.752,204.195,128.723,244.791,194.386,266.649,234.726,222.155,215.156
2020-04-01,206.489,295.733,272.566,276.037,230.387,240.378,252.123,230.688,158.156,145.899,230.425,130.305,185.382,171.150,200.369,204.377,130.515,246.033,195.681,270.273,236.183,223.828,217.200
2020-05-01,208.295,296.480,273.663,275.780,231.497,241.446,252.783,231.304,158.956,146.918,231.223,130.938,186.844,172.517,200.823,204.226,131.947,248.342,196.715,271.752,236.661,224.561,218.448
2020-06-01,210.011,297.740,275.322,274.591,232.648,242.744,252.912,231.597,159.940,147.024,231.842,132.792,188.618,173.920,200.099,204.297,132.721,249.946,198.042,272.433,237.083,225.262,219.774
2020-07-01,211.840,301.109,278.106,277.703,233.514,244.901,253.930,232.803,160.803,148.447,234.244,134.533,189.588,174.974,201.278,205.384,134.328,253.294,198.782,274.063,239.067,227.068,221.530
2020-08-01,215.095,305.292,283.034,280.399,235.139,247.600,256.627,235.598,161.648,150.385,237.406,136.054,190.894,176.512,203.584,208.271,136.548,256.042,200.733,277.091,242.138,229.820,224.008
2020-09-01,219.161,309.067,287.979,284.165,236.640,250.042,259.507,238.768,163.257,152.164,241.168,137.296,192.813,178.633,205.163,212.014,138.165,259.545,202.586,280.540,245.490,232.879,226.757
2020-10-01,222.821,312.585,292.886,287.345,238.881,252.953,263.255,242.613,165.197,153.286,244.846,138.315,194.904,181.182,206.871,216.548,140.114,261.401,205.504,283.476,249.036,236.092,229.764
2020-11-01,225.645,315.372,295.482,289.893,241.341,255.302,266.575,245.922,167.185,153.635,248.334,139.342,195.971,183.240,208.368,220.957,140.438,263.279,207.215,286.143,252.067,238.776,232.265
2020-12-01,228.256,317.952,297.635,290.713,243.612,257.368,269.947,249.016,168.644,153.799,250.340,140.282,196.489,184.347,210.688,224.308,141.783,264.538,209.076,288.797,254.421,240.937,234.315
2021-01-01,231.902,321.194,302.017,292.368,246.438,259.061,273.424,251.943,170.101,154.333,252.257,141.211,196.569,185.881,213.008,227.016,141.988,267.476,210.814,293.011,256.906,243.285,236.391
2021-02-01,236.591,325.579,311.006,298.407,250.947,261.697,276.289,255.321,171.550,154.873,254.558,142.775,198.404,187.787,215.233,228.987,142.707,271.239,214.374,301.133,260.117,246.543,239.174
2021-03-01,244.554,333.237,321.371,308.100,259.199,267.028,281.524,260.336,174.690,157.550,261.243,144.690,201.847,192.678,220.249,231.700,145.315,278.256,220.398,315.217,265.670,252.242,244.172
2021-04-01,252.664,339.427,331.587,317.793,265.933,272.564,288.184,266.302,177.806,160.422,267.665,148.205,206.408,197.116,225.443,234.733,147.917,284.877,226.778,326.435,271.104,257.845,249.781
2021-05-01,262.116,346.682,341.038,326.081,271.936,276.699,294.926,273.062,181.935,163.329,271.384,151.066,210.806,201.936,232.068,238.085,151.100,291.722,233.076,335.478,276.366,263.346,255.404
2021-06-01,271.467,353.331,349.643,334.733,278.318,280.197,303.951,281.398,186.483,165.986,274.848,154.203,214.355,207.040,239.782,240.639,154.703,298.126,240.141,340.883,281.330,268.560,261.120
2021-07-01,280.467,358.378,355.423,338.527,283.225,281.800,310.925,289.680,190.732,167.674,278.007,156.228,216.706,211.553,246.395,243.397,156.498,302.684,245.828,343.911,285.004,272.530,265.446
2021-08-01,286.733,361.512,357.264,339.977,285.670,282.617,318.057,296.770,194.298,168.954,279.430,157.426,217.355,214.761,251.919,244.890,157.647,305.463,250.222,344.479,287.191,275.010,268.714
2021-09-01,291.567,365.602,359.967,340.424,286.790,282.436,324.869,304.868,197.708,169.855,281.628,157.962,217.536,218.655,255.750,246.747,157.887,306.706,253.255,345.820,289.425,277.376,271.364
2021-10-01,294.845,370.776,363.934,340.463,287.317,282.360,331.063,310.714,199.990,170.662,281.847,158.000,217.394,222.027,259.352,249.049,158.936,307.759,256.094,347.966,291.807,279.683,273.571
2021-11-01,298.318,375.382,367.833,342.469,289.723,283.444,337.594,317.152,202.685,171.387,281.815,158.439,217.822,225.112,261.741,251.526,159.650,309.098,259.128,352.884,294.462,282.376,275.940
2021-12-01,302.334,378.767,374.459,345.382,292.944,284.880,343.896,322.170,205.329,172.400,283.796,159.354,218.606,228.291,264.283,254.357,160.596,311.770,263.436,358.099,297.457,285.426,278.514
2022-01-01,307.471,384.892,384.126,353.553,297.688,288.134,350.348,329.708,208.586,173.204,285.699,160.302,219.740,231.466,268.773,256.544,161.394,314.596,268.383,365.313,301.582,289.492,281.892
2022-02-01,314.314,397.313,401.438,366.508,306.813,293.029,358.472,338.466,212.881,175.328,291.689,162.518,222.186,236.132,274.432,259.919,162.879,322.683,276.186,381.236,308.870,296.612,287.111
2022-03-01,323.778,410.604,416.447,382.043,320.475,301.311,371.496,350.986,219.608,177.833,299.630,166.812,226.853,243.021,282.894,264.294,166.675,331.966,288.056,402.472,317.748,305.804,294.902
2022-04-01,331.740,418.827,425.901,390.226,328.714,307.092,383.945,362.132,224.730,181.147,308.090,170.763,231.807,249.550,289.458,269.418,169.106,339.326,297.183,411.774,324.669,312.756,301.516
2022-05-01,340.050,423.104,427.799,393.830,332.272,310.539,394.935,372.207,229.743,184.523,313.949,172.993,234.913,255.363,295.618,273.575,172.210,342.227,304.728,414.009,329.155,317.437,306.276
2022-06-01,343.545,421.249,424.830,388.541,332.013,310.533,404.148,380.210,232.738,187.742,315.925,174.084,236.516,259.917,299.925,276.879,174.341,341.898,307.815,406.148,330.382,318.730,308.070
2022-07-01,343.002,414.333,413.989,374.792,327.339,308.278,409.403,382.374,234.264,188.856,315.073,173.768,236.185,261.513,300.093,277.446,175.989,338.094,306.516,393.725,327.589,316.301,306.905
2022-08-01,335.529,404.868,402.463,358.727,319.862,303.556,408.795,380.742,233.320,187.937,311.260,172.568,233.912,260.548,296.007,276.335,175.809,331.502,300.662,378.407,322.378,311.200,303.480
2022-09-01,328.249,397.880,393.784,348.149,313.447,300.956,404.658,377.342,231.505,186.728,306.411,170.534,231.618,257.523,288.753,274.569,174.487,327.343,294.468,367.370,317.868,306.624,300.312
2022-10-01,323.079,395.625,390.603,342.374,309.994,299.371,400.461,374.374,229.737,185.753,303.394,168.932,229.979,255.169,283.619,274.029,172.693,324.455,290.718,363.580,315.672,304.202,298.526
2022-11-01,317.099,392.231,385.394,336.885,307.401,298.532,399.585,370.612,228.404,184.761,301.288,168.208,228.224,253.367,278.835,273.971,171.545,321.338,287.517,358.113,313.722,301.931,296.710
2022-12-01,311.161,388.926,380.091,330.713,303.308,297.170,398.361,366.949,226.630,182.516,298.526,166.497,225.360,250.853,273.581,273.187,170.240,315.180,284.379,351.612,311.163,299.030,294.204
2023-01-01,307.298,388.500,378.843,326.117,300.764,295.134,398.999,364.404,226.039,181.669,297.723,165.386,223.438,250.255,269.597,272.537,169.453,313.100,281.718,346.963,309.924,297.475,292.698
2023-02-01,307.812,392.134,384.520,329.396,303.157,296.368,397.485,364.407,226.864,181.900,298.123,165.149,223.481,250.445,267.126,271.815,169.412,314.096,281.696,348.301,311.024,298.360,293.494
2023-03-01,309.227,398.623,394.133,338.869,309.088,300.794,400.352,367.968,229.530,185.370,302.008,168.816,227.830,254.564,268.571,274.988,170.515,319.416,284.717,355.759,315.972,302.947,297.412
2023-04-01,311.433,405.336,402.019,346.620,313.805,305.618,403.771,371.058,232.497,188.577,310.777,172.784,231.827,258.171,270.369,278.559,174.029,324.166,288.660,363.278,321.179,307.823,301.519
2023-05-01,314.004,409.869,409.100,350.341,316.098,310.299,408.600,374.825,234.661,192.845,314.577,176.184,235.785,261.052,272.822,283.142,178.697,327.329,293.174,369.310,325.683,312.115,305.382
2023-06-01,317.572,413.058,413.461,350.807,317.443,312.352,414.089,376.671,237.656,195.554,318.647,177.929,238.125,264.295,275.355,286.402,181.464,329.748,295.234,372.699,328.721,315.062,308.341
2023-07-01,320.334,415.580,416.580,351.311,318.002,314.212,417.027,379.358,239.417,197.262,319.084,179.255,238.486,266.361,278.445,289.079,182.956,329.475,296.120,374.816,330.848,317.013,310.265
2023-08-01,322.451,417.602,418.873,349.667,317.791,313.969,422.117,380.813,241.272,197.280,320.965,180.664,237.987,268.394,281.504,290.807,182.592,329.306,295.620,375.747,332.169,318.194,311.628
2023-09-01,324.136,418.374,419.133,350.018,316.699,314.413,424.698,382.731,241.477,197.780,322.462,181.934,236.890,269.565,283.161,292.900,183.268,327.978,295.233,374.031,333.341,319.019,312.482
2023-10-01,325.899,420.224,418.598,348.207,314.871,313.476,427.064,382.711,241.713,198.289,323.519,182.578,236.085,270.376,284.051,294.636,183.702,325.519,294.273,371.701,334.154,319.462,312.829
2023-11-01,324.739,420.819,416.765,344.404,312.045,312.652,428.112,383.247,241.066,197.617,322.710,181.658,234.191,271.040,284.578,295.733,184.283,322.358,292.397,367.044,333.916,318.805,312.067
2023-12-01,322.909,421.431,413.091,341.531,310.344,312.530,429.197,382.189,240.904,197.214,320.255,180.284,231.832,270.676,285.054,295.872,182.852,319.221,290.476,365.252,333.405,317.968,310.888
2024-01-01,321.343,421.655,421.533,340.801,308.883,314.042,428.629,381.265,240.381,196.514,318.738,179.170,230.585,270.380,284.783,295.336,181.183,318.530,289.941,365.238,333.460,317.744,310.759
2024-02-01,322.847,426.287,428.723,346.706,311.580,317.715,429.109,379.760,240.816,198.701,321.962,179.957,232.222,270.938,286.627,297.543,181.377,322.305,291.615,373.012,336.815,320.665,312.678
2024-03-01,324.563,433.912,437.800,355.894,315.656,322.159,433.103,381.550,242.983,201.852,327.984,182.015,235.455,273.951,289.194,301.605,185.793,327.337,295.156,382.545,342.313,325.641,316.858
2024-04-01,326.406,439.749,443.160,362.760,319.890,325.653,436.820,384.150,245.539,205.227,335.566,185.189,238.512,277.273,292.493,305.888,189.036,330.684,298.621,390.439,347.240,330.176,320.786
2024-05-01,327.823,444.346,446.343,365.862,322.628,329.235,439.952,387.264,247.896,207.579,337.401,188.301,241.256,279.867,296.108,310.621,192.126,331.833,300.867,395.197,351.046,333.659,323.727
2024-06-01,329.233,446.899,448.978,366.992,323.418,331.167,442.723,388.133,249.722,209.548,339.619,190.453,242.735,281.221,298.576,313.231,193.397,332.272,302.000,397.431,353.338,335.722,325.285
2024-07-01,329.460,445.123,445.986,363.480,322.068,331.524,444.017,387.829,250.125,210.580,339.621,191.235,243.289,281.814,301.259,315.014,195.207,332.489,301.660,396.914,353.354,335.821,325.601
2024-08-01,329.057,441.402,442.779,359.514,319.830,331.003,443.348,387.020,250.052,211.450,338.622,191.434,242.854,281.702,301.852,314.839,194.817,331.887,300.228,395.167,352.009,334.700,325.046
2024-09-01,329.928,437.371,438.985,356.899,317.344,330.922,441.051,386.584,249.421,211.387,336.863,191.647,242.548,281.876,302.102,315.636,195.871,331.289,298.372,393.309,350.769,333.684,324.664
2024-10-01,329.796,436.574,437.192,353.523,316.222,331.093,440.545,384.231,248.525,210.573,337.727,190.490,241.501,280.975,300.689,316.681,194.222,329.934,296.777,389.743,350.436,332.963,323.982
2024-11-01,329.827,436.533,435.347,351.125,314.720,330.791,441.563,381.672,247.837,209.845,339.165,189.886,240.711,280.840,300.389,317.914,194.209,328.787,295.181,386.832,350.487,332.629,323.700
2024-12-01,329.554,435.820,435.085,350.923,314.973,329.841,443.260,377.758,246.410,210.141,340.574,188.852,239.246,280.013,300.480,318.117,192.458,328.533,295.170,385.536,350.560,332.310,323.318
2025-01-01,329.959,438.403,435.304,350.970,314.493,330.034,442.645,375.502,245.923,211.120,339.690,189.238,238.889,279.323,300.437,319.234,192.791,327.519,293.789,385.169,351.388,332.704,323.672
2025-02-01,330.165,445.256,439.787,357.407,316.425,332.169,441.345,374.355,246.831,212.402,340.986,190.255,239.201,279.427,300.644,320.968,193.302,329.050,294.164,391.414,354.364,335.146,325.142
2025-03-01,330.688,451.510,444.293,361.511,319.852,336.448,440.515,373.188,249.007,214.830,343.362,192.524,241.872,281.256,302.645,326.426,196.722,331.745,295.703,398.327,358.711,338.929,327.753
2025-04-01,330.559,451.041,447.151,363.416,322.198,339.412,442.815,375.893,250.783,217.377,348.472,195.368,244.008,284.065,304.536,330.787,198.674,333.148,297.982,402.292,361.486,341.546,329.911
2025-05-01,330.797,448.778,447.249,363.164,322.621,339.985,442.376,377.836,252.063,219.974,352.979,197.482,247.128,286.935,305.920,334.376,201.409,336.155,299.000,402.430,362.888,343.026,331.426
2025-06-01,329.122,447.004,445.643,359.472,321.610,338.303,441.807,378.909,252.044,222.152,353.957,198.432,248.729,288.208,305.833,336.119,202.218,335.583,299.136,401.035,362.817,343.003,331.611
2025-07-01,326.482,445.718,442.543,356.161,319.928,335.814,438.470,376.791,251.921,223.293,353.353,199.107,249.630,287.659,304.177,335.694,204.051,335.970,297.966,397.579,361.593,341.920,330.949
2025-08-01,323.555,441.462,439.070,354.096,317.413,333.939,436.186,374.045,250.548,223.753,352.380,198.552,249.036,286.137,302.500,334.052,203.691,332.537,296.685,394.805,359.535,339.963,329.857
2025-09-01,323.314,438.771,434.895,353.892,315.167,333.092,435.638,370.488,249.029,222.750,350.740,198.592,248.401,283.907,299.850,332.673,203.570,330.135,294.430,391.194,357.926,338.320,328.880
2025-10-01,324.729,436.789,434.458,354.491,311.885,332.466,435.957,368.254,248.237,222.524,347.755,198.042,247.908,282.080,298.741,332.840,202.072,327.815,292.372,388.163,357.233,337.418,328.235
2025-11-01,325.354,438.479,436.729,352.396,310.673,331.781,436.931,366.978,247.708,221.524,345.213,197.504,247.454,281.819,299.143,334.616,200.700,326.635,290.923,386.250,357.665,337.425,327.800
2025-12-01,324.486,439.428,439.009,350.512,308.513,330.351,436.767,366.931,246.715,221.268,344.533,196.845,245.719,281.808,297.744,335.226,200.142,324.891,290.654,385.017,357.632,337.121,326.957
2026-01-01,324.671,439.229,437.750,349.665,308.052,330.589,438.797,365.933,245.572,220.813,344.279,195.189,244.833,282.469,297.557,335.063,199.443,324.147,289.479,382.759,357.451,336.656,326.359
2026-02-01,324.278,441.500,442.134,356.331,309.530,331.754,441.222,366.650,246.116,223.110,343.761,,244.220,282.172,297.372,336.167,201.334,326.226,289.039,383.485,359.539,338.153,327.311
